vars,layers,temp_ch,effect_value,p_value,ci.lb,ci.ub,QM,p_QM,Var1,Freq,sing,mes_long,Labels,Type
BiomesBiomes1,L1,1,-7.287957834,0.000148429,-10.84259727,-3.591597567,70.09275199,4.25E-11,Biomes1,1331,SIG1,TS forests,TS forests,1
BiomesBiomes2,L1,1,-3.352288224,0.132229887,-7.549080269,1.035016403,70.09275199,4.25E-11,Biomes2,884,UNSIG,TS grasslands/savans,TS grasslands/savannas,1
BiomesBiomes3,L1,1,-10.10371586,1.01E-06,-13.86106093,-6.182476939,70.09275199,4.25E-11,Biomes3,1036,SIG1,Temperate forests,Temperate forests,1
BiomesBiomes4,L1,1,-3.473035546,0.364594496,-10.57427686,4.192110942,70.09275199,4.25E-11,Biomes4,282,UNSIG,Temperatre grasslands,Temperatre grasslands,1
BiomesBiomes5,L1,1,-7.558252964,0.000294971,-11.40961196,-3.539460836,70.09275199,4.25E-11,Biomes5,1117,SIG1,Med shrublands,Med shrublands,1
BiomesBiomes6,L1,1,-3.394896866,0.428797984,-11.31615102,5.233884852,70.09275199,4.25E-11,Biomes6,287,UNSIG,Boreal forest,Boreal forest,1
BiomesBiomes7,L1,1,5.383048101,0.491836845,-9.25050263,22.37629022,70.09275199,4.25E-11,Biomes7,89,UNSIG,Tundra,Tundra,1
BiomesBiomes8,L1,1,-9.10441945,0.000923102,-14.09537452,-3.823495909,70.09275199,4.25E-11,Biomes8,566,SIG1,Deserts,Deserts,1
BiomesBiomes9,L1,1,-2.605534431,0.181397088,-6.304338514,1.23928657,70.09275199,4.25E-11,Biomes9,1191,UNSIG,Crops,Crops,1
BiomesBiomes1,L1,2,-12.86942529,6.68E-08,-17.11934628,-8.401578556,157.2898864,2.71E-29,Biomes1,1037,SIG1,TS forests,TS forests,1
BiomesBiomes2,L1,2,-6.311266958,0.024282405,-11.47760034,-0.843416661,157.2898864,2.71E-29,Biomes2,704,SIG1,TS grasslands/savans,TS grasslands/savannas,1
BiomesBiomes3,L1,2,-19.60886135,2.53E-16,-23.69824835,-15.30030394,157.2898864,2.71E-29,Biomes3,881,SIG1,Temperate forests,Temperate forests,1
BiomesBiomes4,L1,2,-14.85634266,0.000806704,-22.50158111,-6.456899511,157.2898864,2.71E-29,Biomes4,247,SIG1,Temperatre grasslands,Temperatre grasslands,1
BiomesBiomes5,L1,2,-8.527324517,0.000739382,-13.14214811,-3.667311847,157.2898864,2.71E-29,Biomes5,961,SIG1,Med shrublands,Med shrublands,1
BiomesBiomes6,L1,2,-12.3945485,0.010221312,-20.80938908,-3.08554205,157.2898864,2.71E-29,Biomes6,266,SIG1,Boreal forest,Boreal forest,1
BiomesBiomes7,L1,2,17.14904864,0.061429799,-0.755138417,38.28322573,157.2898864,2.71E-29,Biomes7,93,UNSIG,Tundra,Tundra,1
BiomesBiomes8,L1,2,-11.22673146,0.000820485,-17.20846666,-4.812812497,157.2898864,2.71E-29,Biomes8,482,SIG1,Deserts,Deserts,1
BiomesBiomes9,L1,2,-8.130578317,0.000527201,-12.43147181,-3.618448147,157.2898864,2.71E-29,Biomes9,1001,SIG1,Crops,Crops,1
BiomesBiomes1,L1,3,-12.34045055,1.29E-05,-17.37722015,-6.996634294,229.5459871,1.07E-43,Biomes1,840,SIG1,TS forests,TS forests,1
BiomesBiomes2,L1,3,-7.429962862,0.023850132,-13.42624562,-1.01836478,229.5459871,1.07E-43,Biomes2,583,SIG1,TS grasslands/savans,TS grasslands/savannas,1
BiomesBiomes3,L1,3,-23.92194363,1.63E-20,-28.18891189,-19.40143488,229.5459871,1.07E-43,Biomes3,825,SIG1,Temperate forests,Temperate forests,1
BiomesBiomes4,L1,3,-18.29270194,7.61E-05,-26.07457176,-9.691662062,229.5459871,1.07E-43,Biomes4,250,SIG1,Temperatre grasslands,Temperatre grasslands,1
BiomesBiomes5,L1,3,-17.18537642,2.38E-10,-21.87880565,-12.20997149,229.5459871,1.07E-43,Biomes5,855,SIG1,Med shrublands,Med shrublands,1
BiomesBiomes6,L1,3,-15.76073068,0.001611154,-24.27731932,-6.286274708,229.5459871,1.07E-43,Biomes6,262,SIG1,Boreal forest,Boreal forest,1
BiomesBiomes7,L1,3,17.06938229,0.093747582,-2.635332209,40.76194764,229.5459871,1.07E-43,Biomes7,84,UNSIG,Tundra,Tundra,1
BiomesBiomes8,L1,3,-16.24217831,1.29E-05,-22.65461041,-9.298114192,229.5459871,1.07E-43,Biomes8,425,SIG1,Deserts,Deserts,1
BiomesBiomes9,L1,3,-14.54645157,1.83E-08,-19.09968232,-9.736955937,229.5459871,1.07E-43,Biomes9,888,SIG1,Crops,Crops,1
BiomesBiomes1,L1,4,-16.97023638,5.55E-08,-22.35820238,-11.20837153,318.139182,2.26E-62,Biomes1,682,SIG1,TS forests,TS forests,1
BiomesBiomes2,L1,4,-14.30121839,9.88E-05,-20.70707494,-7.37785038,318.139182,2.26E-62,Biomes2,449,SIG1,TS grasslands/savans,TS grasslands/savannas,1
BiomesBiomes3,L1,4,-28.41006549,8.12E-26,-32.737464,-23.80425973,318.139182,2.26E-62,Biomes3,739,SIG1,Temperate forests,Temperate forests,1
BiomesBiomes4,L1,4,-15.12899042,0.002633501,-23.73357134,-5.553617841,318.139182,2.26E-62,Biomes4,232,SIG1,Temperatre grasslands,Temperatre grasslands,1
BiomesBiomes5,L1,4,-23.31888656,2.51E-17,-27.88968648,-18.45836092,318.139182,2.26E-62,Biomes5,798,SIG1,Med shrublands,Med shrublands,1
BiomesBiomes6,L1,4,-21.16661613,4.11E-05,-29.63670639,-11.67692567,318.139182,2.26E-62,Biomes6,237,SIG1,Boreal forest,Boreal forest,1
BiomesBiomes7,L1,4,9.050119999,0.357566782,-9.328967055,31.15466192,318.139182,2.26E-62,Biomes7,87,UNSIG,Tundra,Tundra,1
BiomesBiomes8,L1,4,-18.51604726,2.89E-06,-25.21430966,-11.21784765,318.139182,2.26E-62,Biomes8,372,SIG1,Deserts,Deserts,1
BiomesBiomes9,L1,4,-17.71025521,7.80E-11,-22.4043854,-12.73215461,318.139182,2.26E-62,Biomes9,806,SIG1,Crops,Crops,1
BiomesBiomes1,L1,5,-17.44756309,5.82E-07,-23.4280924,-10.99993386,387.5211339,4.25E-77,Biomes1,567,SIG1,TS forests,TS forests,1
BiomesBiomes2,L1,5,-16.30145081,0.000101486,-23.48445818,-8.444128215,387.5211339,4.25E-77,Biomes2,349,SIG1,TS grasslands/savans,TS grasslands/savannas,1
BiomesBiomes3,L1,5,-34.02142666,8.42E-37,-38.13132066,-29.63851521,387.5211339,4.25E-77,Biomes3,722,SIG1,Temperate forests,Temperate forests,1
BiomesBiomes4,L1,5,-17.8366494,0.000598415,-26.55591734,-8.082231567,387.5211339,4.25E-77,Biomes4,216,SIG1,Temperatre grasslands,Temperatre grasslands,1
BiomesBiomes5,L1,5,-24.94784915,4.23E-18,-29.66108414,-19.91879205,387.5211339,4.25E-77,Biomes5,736,SIG1,Med shrublands,Med shrublands,1
BiomesBiomes6,L1,5,-16.08895131,0.003897972,-25.51170934,-5.474215742,387.5211339,4.25E-77,Biomes6,229,SIG1,Boreal forest,Boreal forest,1
BiomesBiomes7,L1,5,2.422467786,0.807411174,-15.50825271,24.15842072,387.5211339,4.25E-77,Biomes7,83,UNSIG,Tundra,Tundra,1
BiomesBiomes8,L1,5,-25.94243297,1.51E-10,-32.44573384,-18.8130736,387.5211339,4.25E-77,Biomes8,343,SIG1,Deserts,Deserts,1
BiomesBiomes9,L1,5,-20.1895483,1.45E-12,-25.0200215,-15.04787907,387.5211339,4.25E-77,Biomes9,747,SIG1,Crops,Crops,1
BiomesBiomes1,L2,1,-6.10415395,0.027430807,-11.21570364,-0.698318654,23.2694771,0.005618653,Biomes1,1059,SIG1,TS forests,TS forests,1
BiomesBiomes2,L2,1,-3.578101892,0.253877614,-9.428231314,2.649893777,23.2694771,0.005618653,Biomes2,748,UNSIG,TS grasslands/savans,TS grasslands/savannas,1
BiomesBiomes3,L2,1,-5.37564102,0.077061906,-10.99789361,0.601768607,23.2694771,0.005618653,Biomes3,870,UNSIG,Temperate forests,Temperate forests,1
BiomesBiomes4,L2,1,-4.301107104,0.43384922,-14.2782516,6.837276095,23.2694771,0.005618653,Biomes4,238,UNSIG,Temperatre grasslands,Temperatre grasslands,1
BiomesBiomes5,L2,1,-2.250150205,0.458217545,-7.954916369,3.808185708,23.2694771,0.005618653,Biomes5,944,UNSIG,Med shrublands,Med shrublands,1
BiomesBiomes6,L2,1,-10.28781275,0.074557437,-20.37883667,1.082126959,23.2694771,0.005618653,Biomes6,238,UNSIG,Boreal forest,Boreal forest,1
BiomesBiomes7,L2,1,-5.271545049,0.611181718,-23.12120708,16.72243848,23.2694771,0.005618653,Biomes7,78,UNSIG,Tundra,Tundra,1
BiomesBiomes8,L2,1,-11.79054097,0.002640059,-18.71701308,-4.273834446,23.2694771,0.005618653,Biomes8,450,SIG1,Deserts,Deserts,1
BiomesBiomes9,L2,1,-1.599833009,0.561841035,-6.818118195,3.910681737,23.2694771,0.005618653,Biomes9,1049,UNSIG,Crops,Crops,1
BiomesBiomes1,L2,2,-11.65188965,0.00072641,-17.7770237,-5.070468712,37.48611015,2.15E-05,Biomes1,825,SIG1,TS forests,TS forests,1
BiomesBiomes2,L2,2,-7.586840338,0.051976375,-14.65573843,0.067560743,37.48611015,2.15E-05,Biomes2,593,UNSIG,TS grasslands/savans,TS grasslands/savannas,1
BiomesBiomes3,L2,2,-7.785181189,0.03373622,-14.43270789,-0.621223378,37.48611015,2.15E-05,Biomes3,734,SIG1,Temperate forests,Temperate forests,1
BiomesBiomes4,L2,2,-6.696373548,0.304523582,-18.25907911,6.501940692,37.48611015,2.15E-05,Biomes4,214,UNSIG,Temperatre grasslands,Temperatre grasslands,1
BiomesBiomes5,L2,2,-5.641467296,0.117667578,-12.26143696,1.477986251,37.48611015,2.15E-05,Biomes5,820,UNSIG,Med shrublands,Med shrublands,1
BiomesBiomes6,L2,2,-16.33187184,0.014702766,-27.4987293,-3.445062377,37.48611015,2.15E-05,Biomes6,216,SIG1,Boreal forest,Boreal forest,1
BiomesBiomes7,L2,2,25.42232014,0.057860586,-0.752047865,58.49957658,37.48611015,2.15E-05,Biomes7,77,UNSIG,Tundra,Tundra,1
BiomesBiomes8,L2,2,-9.523002971,0.062715492,-18.5726792,0.532436919,37.48611015,2.15E-05,Biomes8,350,UNSIG,Deserts,Deserts,1
BiomesBiomes9,L2,2,-3.787503795,0.260656184,-10.04746227,2.908096419,37.48611015,2.15E-05,Biomes9,872,UNSIG,Crops,Crops,1
BiomesBiomes1,L2,3,-8.497446709,0.039559209,-15.91677422,-0.423453302,52.28779337,3.99E-08,Biomes1,638,SIG1,TS forests,TS forests,1
BiomesBiomes2,L2,3,-5.851190216,0.19676872,-14.08769077,3.174952033,52.28779337,3.99E-08,Biomes2,484,UNSIG,TS grasslands/savans,TS grasslands/savannas,1
BiomesBiomes3,L2,3,-10.25186476,0.008744247,-17.22290265,-2.6937639,52.28779337,3.99E-08,Biomes3,671,SIG1,Temperate forests,Temperate forests,1
BiomesBiomes4,L2,3,-6.520032562,0.339325355,-18.59424803,7.345047497,52.28779337,3.99E-08,Biomes4,210,UNSIG,Temperatre grasslands,Temperatre grasslands,1
BiomesBiomes5,L2,3,-11.80042553,0.002222992,-18.61912922,-4.410399362,52.28779337,3.99E-08,Biomes5,700,SIG1,Med shrublands,Med shrublands,1
BiomesBiomes6,L2,3,-17.50782198,0.010545523,-28.82087734,-4.396694154,52.28779337,3.99E-08,Biomes6,210,SIG1,Boreal forest,Boreal forest,1
BiomesBiomes7,L2,3,22.88627687,0.098612174,-3.774449232,56.93375535,52.28779337,3.99E-08,Biomes7,76,UNSIG,Tundra,Tundra,1
BiomesBiomes8,L2,3,-10.60030053,0.0576515,-20.36713361,0.364417711,52.28779337,3.99E-08,Biomes8,313,UNSIG,Deserts,Deserts,1
BiomesBiomes9,L2,3,-14.18812308,5.21E-05,-20.3187059,-7.585860608,52.28779337,3.99E-08,Biomes9,773,SIG1,Crops,Crops,1
BiomesBiomes1,L2,4,-13.580111,0.0025695,-21.40252676,-4.97916909,60.95943158,8.76E-10,Biomes1,516,SIG1,TS forests,TS forests,1
BiomesBiomes2,L2,4,-12.08523019,0.015725142,-20.81043164,-2.398675596,60.95943158,8.76E-10,Biomes2,379,SIG1,TS grasslands/savans,TS grasslands/savannas,1
BiomesBiomes3,L2,4,-8.682143651,0.039696746,-16.25282893,-0.42707375,60.95943158,8.76E-10,Biomes3,589,SIG1,Temperate forests,Temperate forests,1
BiomesBiomes4,L2,4,-6.043214618,0.406917861,-18.91342641,8.869781125,60.95943158,8.76E-10,Biomes4,189,UNSIG,Temperatre grasslands,Temperatre grasslands,1
BiomesBiomes5,L2,4,-16.01496123,3.87E-05,-22.71415681,-8.735074296,60.95943158,8.76E-10,Biomes5,665,SIG1,Med shrublands,Med shrublands,1
BiomesBiomes6,L2,4,-19.54592415,0.007043436,-31.31665001,-5.757970139,60.95943158,8.76E-10,Biomes6,182,SIG1,Boreal forest,Boreal forest,1
BiomesBiomes7,L2,4,14.27782511,0.270503832,-9.87100267,44.89699985,60.95943158,8.76E-10,Biomes7,81,UNSIG,Tundra,Tundra,1
BiomesBiomes8,L2,4,-16.63144528,0.004325584,-26.42343552,-5.536280957,60.95943158,8.76E-10,Biomes8,268,SIG1,Deserts,Deserts,1
BiomesBiomes9,L2,4,-10.35256951,0.00594947,-17.06884739,-3.092365892,60.95943158,8.76E-10,Biomes9,713,SIG1,Crops,Crops,1
BiomesBiomes1,L2,5,-15.22894676,0.002173255,-23.72689626,-5.784200272,62.92652109,3.65E-10,Biomes1,430,SIG1,TS forests,TS forests,1
BiomesBiomes2,L2,5,-16.071508,0.003924341,-25.49223149,-5.459633125,62.92652109,3.65E-10,Biomes2,300,SIG1,TS grasslands/savans,TS grasslands/savannas,1
BiomesBiomes3,L2,5,-13.74105074,0.001041896,-21.03551615,-5.772747886,62.92652109,3.65E-10,Biomes3,585,SIG1,Temperate forests,Temperate forests,1
BiomesBiomes4,L2,5,-4.904322781,0.516039278,-18.29401768,10.67962919,62.92652109,3.65E-10,Biomes4,183,UNSIG,Temperatre grasslands,Temperatre grasslands,1
BiomesBiomes5,L2,5,-14.54051998,0.000571733,-21.84927589,-6.548239853,62.92652109,3.65E-10,Biomes5,590,SIG1,Med shrublands,Med shrublands,1
BiomesBiomes6,L2,5,-15.95530723,0.04058428,-28.83656983,-0.742412692,62.92652109,3.65E-10,Biomes6,174,SIG1,Boreal forest,Boreal forest,1
BiomesBiomes7,L2,5,5.563557744,0.675138384,-18.04980658,35.98094474,62.92652109,3.65E-10,Biomes7,74,UNSIG,Tundra,Tundra,1
BiomesBiomes8,L2,5,-18.68984718,0.001970566,-28.67601434,-7.305503322,62.92652109,3.65E-10,Biomes8,256,SIG1,Deserts,Deserts,1
BiomesBiomes9,L2,5,-11.50023055,0.004129488,-18.5888052,-3.794444821,62.92652109,3.65E-10,Biomes9,636,SIG1,Crops,Crops,1
BiomesBiomes1,L3,1,-4.960824191,0.308887483,-13.83318519,4.825099525,13.95406901,0.123968489,Biomes1,570,UNSIG,TS forests,TS forests,1
BiomesBiomes2,L3,1,-6.151250523,0.232135794,-15.43265286,4.148800643,13.95406901,0.123968489,Biomes2,461,UNSIG,TS grasslands/savans,TS grasslands/savannas,1
BiomesBiomes3,L3,1,-4.881248706,0.35232505,-14.40139892,5.697718577,13.95406901,0.123968489,Biomes3,473,UNSIG,Temperate forests,Temperate forests,1
BiomesBiomes4,L3,1,-9.960989535,0.240418954,-24.42989173,7.278176401,13.95406901,0.123968489,Biomes4,164,UNSIG,Temperatre grasslands,Temperatre grasslands,1
BiomesBiomes5,L3,1,13.20352749,0.016483131,2.291408156,25.2797167,13.95406901,0.123968489,Biomes5,544,NA,Med shrublands,Med shrublands,1
BiomesBiomes6,L3,1,-10.44673327,0.254081759,-25.91468819,8.250709704,13.95406901,0.123968489,Biomes6,162,UNSIG,Boreal forest,Boreal forest,1
BiomesBiomes7,L3,1,28.45425721,0.148700979,-8.555781648,80.4432964,13.95406901,0.123968489,Biomes7,51,UNSIG,Tundra,Tundra,1
BiomesBiomes8,L3,1,-2.056852346,0.760199073,-14.29344644,11.92679875,13.95406901,0.123968489,Biomes8,288,UNSIG,Deserts,Deserts,1
BiomesBiomes9,L3,1,0.580041428,0.894099567,-7.630344199,9.52021685,13.95406901,0.123968489,Biomes9,702,UNSIG,Crops,Crops,1
BiomesBiomes1,L3,2,-1.363180122,0.840827236,-13.72877842,12.77482871,15.50214934,0.078034437,Biomes1,404,UNSIG,TS forests,TS forests,1
BiomesBiomes2,L3,2,-3.737889895,0.589224063,-16.16965193,10.53746113,15.50214934,0.078034437,Biomes2,344,UNSIG,TS grasslands/savans,TS grasslands/savannas,1
BiomesBiomes3,L3,2,-1.374243424,0.837199642,-13.56958768,12.54186575,15.50214934,0.078034437,Biomes3,397,UNSIG,Temperate forests,Temperate forests,1
BiomesBiomes4,L3,2,-5.503485449,0.606624636,-23.82092749,17.21842979,15.50214934,0.078034437,Biomes4,144,UNSIG,Temperatre grasslands,Temperatre grasslands,1
BiomesBiomes5,L3,2,2.586504311,0.692456997,-9.607168548,16.42506046,15.50214934,0.078034437,Biomes5,456,UNSIG,Med shrublands,Med shrublands,1
BiomesBiomes6,L3,2,-33.41887593,0.000682692,-47.34819104,-15.80448667,15.50214934,0.078034437,Biomes6,138,SIG1,Boreal forest,Boreal forest,1
BiomesBiomes7,L3,2,38.34154003,0.092036124,-5.163635321,101.8042526,15.50214934,0.078034437,Biomes7,53,UNSIG,Tundra,Tundra,1
BiomesBiomes8,L3,2,0.117456568,0.989571931,-16.04247648,19.3878129,15.50214934,0.078034437,Biomes8,222,UNSIG,Deserts,Deserts,1
BiomesBiomes9,L3,2,-3.123970965,0.564409709,-13.03606913,7.917902367,15.50214934,0.078034437,Biomes9,578,UNSIG,Crops,Crops,1
BiomesBiomes1,L3,3,-0.968043054,0.903324377,-15.35423009,15.86318498,14.37694361,0.109534226,Biomes1,314,UNSIG,TS forests,TS forests,1
BiomesBiomes2,L3,3,-6.993006317,0.386267605,-21.06087299,9.581917123,14.37694361,0.109534226,Biomes2,257,UNSIG,TS grasslands/savans,TS grasslands/savannas,1
BiomesBiomes3,L3,3,-4.105934012,0.567474243,-16.94297061,10.71515511,14.37694361,0.109534226,Biomes3,352,UNSIG,Temperate forests,Temperate forests,1
BiomesBiomes4,L3,3,-14.93060147,0.146830985,-31.62434766,5.838881513,14.37694361,0.109534226,Biomes4,146,UNSIG,Temperatre grasslands,Temperatre grasslands,1
BiomesBiomes5,L3,3,-3.195993813,0.64710402,-15.76405216,11.24722704,14.37694361,0.109534226,Biomes5,389,UNSIG,Med shrublands,Med shrublands,1
BiomesBiomes6,L3,3,-22.45385787,0.046944528,-39.65905056,-0.342897883,14.37694361,0.109534226,Biomes6,124,SIG1,Boreal forest,Boreal forest,1
BiomesBiomes7,L3,3,49.08441811,0.052916345,-0.501341299,123.3815411,14.37694361,0.109534226,Biomes7,49,UNSIG,Tundra,Tundra,1
BiomesBiomes8,L3,3,2.065624951,0.832771529,-15.57785052,23.39642926,14.37694361,0.109534226,Biomes8,197,UNSIG,Deserts,Deserts,1
BiomesBiomes9,L3,3,-10.30577422,0.072228011,-20.33551077,0.986703307,14.37694361,0.109534226,Biomes9,499,UNSIG,Crops,Crops,1
BiomesBiomes1,L3,4,3.00428994,0.750167883,-14.1526727,23.59014636,24.45396503,0.003638458,Biomes1,217,UNSIG,TS forests,TS forests,1
BiomesBiomes2,L3,4,-18.06110166,0.027947282,-31.39593199,-2.134330274,24.45396503,0.003638458,Biomes2,208,SIG1,TS grasslands/savans,TS grasslands/savannas,1
BiomesBiomes3,L3,4,6.848286827,0.37644544,-7.738830042,23.74172583,24.45396503,0.003638458,Biomes3,317,UNSIG,Temperate forests,Temperate forests,1
BiomesBiomes4,L3,4,-15.09047857,0.165105449,-32.60234401,6.97147732,24.45396503,0.003638458,Biomes4,126,UNSIG,Temperatre grasslands,Temperatre grasslands,1
BiomesBiomes5,L3,4,-8.091144061,0.254632784,-20.50992249,6.267826941,24.45396503,0.003638458,Biomes5,338,UNSIG,Med shrublands,Med shrublands,1
BiomesBiomes6,L3,4,-39.37726622,0.000122958,-53.04352593,-21.73356445,24.45396503,0.003638458,Biomes6,114,SIG1,Boreal forest,Boreal forest,1
BiomesBiomes7,L3,4,-8.022303058,0.688301257,-38.87126397,38.39475972,24.45396503,0.003638458,Biomes7,46,UNSIG,Tundra,Tundra,1
BiomesBiomes8,L3,4,6.909715095,0.524284677,-12.96362332,31.32080651,24.45396503,0.003638458,Biomes8,158,UNSIG,Deserts,Deserts,1
BiomesBiomes9,L3,4,-2.802290966,0.65367955,-14.15180773,10.04768291,24.45396503,0.003638458,Biomes9,435,UNSIG,Crops,Crops,1
BiomesBiomes1,L3,5,-20.31722823,0.036264719,-35.57711953,-1.442716145,13.29019514,0.149908858,Biomes1,179,SIG1,TS forests,TS forests,1
BiomesBiomes2,L3,5,-17.59689349,0.064639768,-32.89080953,1.182444814,13.29019514,0.149908858,Biomes2,174,UNSIG,TS grasslands/savans,TS grasslands/savannas,1
BiomesBiomes3,L3,5,-10.04848427,0.206567487,-23.67957375,6.017164465,13.29019514,0.149908858,Biomes3,284,UNSIG,Temperate forests,Temperate forests,1
BiomesBiomes4,L3,5,-6.316652685,0.627188902,-28.00412877,21.90378996,13.29019514,0.149908858,Biomes4,107,UNSIG,Temperatre grasslands,Temperatre grasslands,1
BiomesBiomes5,L3,5,-4.541452986,0.569081379,-18.65425002,12.01979452,13.29019514,0.149908858,Biomes5,309,UNSIG,Med shrublands,Med shrublands,1
BiomesBiomes6,L3,5,-8.113612604,0.547685046,-30.26459274,21.07347645,13.29019514,0.149908858,Biomes6,109,UNSIG,Boreal forest,Boreal forest,1
BiomesBiomes7,L3,5,44.20512882,0.087627799,-5.255916159,119.487258,13.29019514,0.149908858,Biomes7,47,UNSIG,Tundra,Tundra,1
BiomesBiomes8,L3,5,2.593049104,0.820385125,-17.74838943,27.96507754,13.29019514,0.149908858,Biomes8,155,UNSIG,Deserts,Deserts,1
BiomesBiomes9,L3,5,-0.528144518,0.940642395,-13.47003252,14.34940196,13.29019514,0.149908858,Biomes9,384,UNSIG,Crops,Crops,1
LandformLandform21,L1,1,-5.63960144,0.000160764,-8.441926729,-2.751505157,55.00199993,6.86E-12,Landform21,1992,SIG1,Plains,Plains,1
LandformLandform22,L1,1,-4.508097983,0.014931428,-7.990011947,-0.894418705,55.00199993,6.86E-12,Landform22,1296,SIG1,Plateaus,Plateaus,1
LandformLandform23,L1,1,-6.917130192,3.59E-09,-9.106631079,-4.674887129,55.00199993,6.86E-12,Landform23,3496,SIG1,Mountains,Mountains,1
LandformLandform21,L1,2,-13.34216667,6.36E-13,-16.65870776,-9.89364484,126.3334593,3.34E-27,Landform21,1554,SIG1,Plains,Plains,1
LandformLandform22,L1,2,-9.787644205,2.08E-05,-13.96634827,-5.405978073,126.3334593,3.34E-27,Landform22,1030,SIG1,Plateaus,Plateaus,1
LandformLandform23,L1,2,-10.37085515,5.67E-14,-12.89389756,-7.774732402,126.3334593,3.34E-27,Landform23,3088,SIG1,Mountains,Mountains,1
LandformLandform21,L1,3,-18.40579493,2.70E-18,-22.05089926,-14.59023597,197.270768,1.64E-42,Landform21,1307,SIG1,Plains,Plains,1
LandformLandform22,L1,3,-14.69122083,9.94E-09,-19.20268814,-9.927847403,197.270768,1.64E-42,Landform22,899,SIG1,Plateaus,Plateaus,1
LandformLandform23,L1,3,-14.1760522,5.57E-21,-16.86913935,-11.39572044,197.270768,1.64E-42,Landform23,2807,SIG1,Mountains,Mountains,1
LandformLandform21,L1,4,-23.87190093,1.31E-25,-27.66464886,-19.88028845,290.5019789,1.13E-62,Landform21,1085,SIG1,Plains,Plains,1
LandformLandform22,L1,4,-17.77902998,7.28E-11,-22.48146758,-12.79133261,290.5019789,1.13E-62,Landform22,792,SIG1,Plateaus,Plateaus,1
LandformLandform23,L1,4,-18.60992579,5.30E-32,-21.35248107,-15.77173356,290.5019789,1.13E-62,Landform23,2526,SIG1,Mountains,Mountains,1
LandformLandform21,L1,5,-29.01595215,4.47E-34,-32.8275759,-24.9880421,353.8532852,2.18E-76,Landform21,978,SIG1,Plains,Plains,1
LandformLandform22,L1,5,-22.56189544,3.90E-15,-27.34626437,-17.46246789,353.8532852,2.18E-76,Landform22,710,SIG1,Plateaus,Plateaus,1
LandformLandform23,L1,5,-20.03665835,3.58E-33,-22.90444804,-17.06219302,353.8532852,2.18E-76,Landform23,2305,SIG1,Mountains,Mountains,1
LandformLandform21,L2,1,-3.517456015,0.096503177,-7.506761506,0.643911332,17.66157973,0.000516498,Landform21,1754,UNSIG,Plains,Plains,1
LandformLandform22,L2,1,-3.512305326,0.181383405,-8.441156143,1.681878357,17.66157973,0.000516498,Landform22,1088,UNSIG,Plateaus,Plateaus,1
LandformLandform23,L2,1,-6.123209279,0.000293266,-9.279514723,-2.857091107,17.66157973,0.000516498,Landform23,2832,SIG1,Mountains,Mountains,1
LandformLandform21,L2,2,-8.357609501,0.001721673,-13.22482345,-3.217393839,26.76519056,6.59E-06,Landform21,1347,SIG1,Plains,Plains,1
LandformLandform22,L2,2,-4.425653173,0.185616565,-10.62163324,2.199851073,26.76519056,6.59E-06,Landform22,856,UNSIG,Plateaus,Plateaus,1
LandformLandform23,L2,2,-7.829038501,9.73E-05,-11.53163935,-3.971475437,26.76519056,6.59E-06,Landform23,2498,SIG1,Mountains,Mountains,1
LandformLandform21,L2,3,-13.19489666,7.81E-06,-18.41686447,-7.638681488,45.08882613,8.86E-10,Landform21,1120,SIG1,Plains,Plains,1
LandformLandform22,L2,3,-4.768076095,0.196388395,-11.57125711,2.558501166,45.08882613,8.86E-10,Landform22,756,UNSIG,Plateaus,Plateaus,1
LandformLandform23,L2,3,-10.49544148,1.29E-06,-14.42447763,-6.386011167,45.08882613,8.86E-10,Landform23,2199,SIG1,Mountains,Mountains,1
LandformLandform21,L2,4,-16.0601225,5.51E-07,-21.61932037,-10.1066351,54.33017825,9.54E-12,Landform21,927,SIG1,Plains,Plains,1
LandformLandform22,L2,4,-8.212782209,0.034699281,-15.23020097,-0.614447053,54.33017825,9.54E-12,Landform22,665,SIG1,Plateaus,Plateaus,1
LandformLandform23,L2,4,-11.3721748,6.38E-07,-15.48509587,-7.059098266,54.33017825,9.54E-12,Landform23,1990,SIG1,Mountains,Mountains,1
LandformLandform21,L2,5,-22.74674069,7.94E-12,-28.25397818,-16.81676667,69.83300215,4.63E-15,Landform21,821,SIG1,Plains,Plains,1
LandformLandform22,L2,5,-8.550884499,0.041189457,-16.07108066,-0.356863978,69.83300215,4.63E-15,Landform22,592,SIG1,Plateaus,Plateaus,1
LandformLandform23,L2,5,-10.56208053,1.39E-05,-14.95327086,-5.944161279,69.83300215,4.63E-15,Landform23,1815,SIG1,Mountains,Mountains,1
LandformLandform21,L3,1,2.23406367,0.52087623,-4.434552639,9.368020168,2.000682088,0.572265147,Landform21,1149,UNSIG,Plains,Plains,1
LandformLandform22,L3,1,-2.353421389,0.580621151,-10.26447251,6.255065096,2.000682088,0.572265147,Landform22,721,UNSIG,Plateaus,Plateaus,1
LandformLandform23,L3,1,-3.362642022,0.257287734,-8.915670758,2.528931537,2.000682088,0.572265147,Landform23,1545,UNSIG,Mountains,Mountains,1
LandformLandform21,L3,2,-0.347734959,0.93932598,-8.89695189,9.003750521,5.076643885,0.166270165,Landform21,858,UNSIG,Plains,Plains,1
LandformLandform22,L3,2,-11.91659976,0.02433543,-21.12674509,-1.630972296,5.076643885,0.166270165,Landform22,554,SIG1,Plateaus,Plateaus,1
LandformLandform23,L3,2,-0.063000762,0.986562742,-7.130043548,7.541816516,5.076643885,0.166270165,Landform23,1324,UNSIG,Mountains,Mountains,1
LandformLandform21,L3,3,-11.61973408,0.018563276,-20.25678558,-2.047196615,6.454802798,0.091462114,Landform21,686,SIG1,Plains,Plains,1
LandformLandform22,L3,3,-3.759067172,0.53969134,-14.85092293,8.777657614,6.454802798,0.091462114,Landform22,473,UNSIG,Plateaus,Plateaus,1
LandformLandform23,L3,3,-2.927654776,0.463889016,-10.34700698,5.105695751,6.454802798,0.091462114,Landform23,1168,UNSIG,Mountains,Mountains,1
LandformLandform21,L3,4,-12.87375071,0.014669071,-22.00231683,-2.676810297,6.834277168,0.07737176,Landform21,565,SIG1,Plains,Plains,1
LandformLandform22,L3,4,-1.666394472,0.800753136,-13.69731958,12.0416878,6.834277168,0.07737176,Landform22,396,UNSIG,Plateaus,Plateaus,1
LandformLandform23,L3,4,-3.789325895,0.366704778,-11.53006723,4.628697255,6.834277168,0.07737176,Landform23,998,UNSIG,Mountains,Mountains,1
LandformLandform21,L3,5,-17.91458067,0.001801942,-27.48514607,-7.080884785,9.872509146,0.019681529,Landform21,499,SIG1,Plains,Plains,1
LandformLandform22,L3,5,-2.021793783,0.786700603,-15.4955692,13.60030241,9.872509146,0.019681529,Landform22,347,UNSIG,Plateaus,Plateaus,1
LandformLandform23,L3,5,-1.132715881,0.809366335,-9.872383187,8.454436217,9.872509146,0.019681529,Landform23,902,UNSIG,Mountains,Mountains,1
Seasonality.preR.Summer,L1,1,-5.468920999,1.05E-08,-7.272605183,-3.630152505,55.57073773,5.19E-12,R.Summer,5010,SIG1,Summer type,Summer type,1
Seasonality.preR.winter,L1,1,-8.212629483,4.67E-06,-11.51826031,-4.783502047,55.57073773,5.19E-12,R.winter,1471,SIG1,Winter type,Winter type,1
Seasonality.preuniformity,L1,1,-5.478533321,0.172543875,-12.82910245,2.491862702,55.57073773,5.19E-12,uniformity,303,UNSIG,Uniform,Uniform,1
Seasonality.preR.Summer,L1,2,-10.14076907,5.41E-19,-12.2311654,-8.000585637,128.2411818,1.29E-27,R.Summer,4343,SIG1,Summer type,Summer type,1
Seasonality.preR.winter,L1,2,-13.77231341,7.18E-10,-17.74202926,-9.611021672,128.2411818,1.29E-27,R.winter,1147,SIG1,Winter type,Winter type,1
Seasonality.preuniformity,L1,2,-18.00014251,0.000912818,-27.07560528,-7.795235671,128.2411818,1.29E-27,uniformity,182,SIG1,Uniform,Uniform,1
Seasonality.preR.Summer,L1,3,-13.79447047,4.85E-28,-16.04888867,-11.47951227,204.1104521,5.46E-44,R.Summer,3917,SIG1,Summer type,Summer type,1
Seasonality.preR.winter,L1,3,-20.68608,1.87E-16,-24.94481357,-16.18570008,204.1104521,5.46E-44,R.winter,950,SIG1,Winter type,Winter type,1
Seasonality.preuniformity,L1,3,-24.63220619,6.88E-05,-34.42941608,-13.37114901,204.1104521,5.46E-44,uniformity,146,SIG1,Uniform,Uniform,1
Seasonality.preR.Summer,L1,4,-18.73688058,1.16E-45,-21.03367666,-16.37328043,299.4569931,1.30E-64,R.Summer,3477,SIG1,Summer type,Summer type,1
Seasonality.preR.winter,L1,4,-21.32438202,9.55E-15,-25.95739687,-16.40146885,299.4569931,1.30E-64,R.winter,817,SIG1,Winter type,Winter type,1
Seasonality.preuniformity,L1,4,-40.28841315,6.06E-10,-49.28484903,-29.69608617,299.4569931,1.30E-64,uniformity,109,SIG1,Uniform,Uniform,1
Seasonality.preR.Summer,L1,5,-22.60517078,9.70E-61,-24.93365936,-20.20445463,345.7896529,1.22E-74,R.Summer,3205,SIG1,Summer type,Summer type,1
Seasonality.preR.winter,L1,5,-22.02494183,2.08E-13,-27.03424184,-16.67173959,345.7896529,1.22E-74,R.winter,713,SIG1,Winter type,Winter type,1
Seasonality.preuniformity,L1,5,-38.35364168,3.45E-06,-49.74232088,-24.38422226,345.7896529,1.22E-74,uniformity,75,SIG1,Uniform,Uniform,1
Seasonality.preR.Summer,L2,1,-4.611897768,0.000675499,-7.173681177,-1.979415291,19.25681802,0.000241924,R.Summer,4210,SIG1,Summer type,Summer type,1
Seasonality.preR.winter,L2,1,-7.122193053,0.006611815,-11.94495353,-2.035290779,19.25681802,0.000241924,R.winter,1202,SIG1,Winter type,Winter type,1
Seasonality.preuniformity,L2,1,3.339970861,0.568123976,-7.68412785,15.68053606,19.25681802,0.000241924,uniformity,262,UNSIG,Uniform,Uniform,1
Seasonality.preR.Summer,L2,2,-5.542463504,0.000796406,-8.637935039,-2.342113166,32.06210597,5.08E-07,R.Summer,3614,SIG1,Summer type,Summer type,1
Seasonality.preR.winter,L2,2,-14.28486491,9.76E-06,-19.94488962,-8.224667381,32.06210597,5.08E-07,R.winter,922,SIG1,Winter type,Winter type,1
Seasonality.preuniformity,L2,2,-8.686529523,0.262568241,-22.10794557,7.047502494,32.06210597,5.08E-07,uniformity,165,UNSIG,Uniform,Uniform,1
Seasonality.preR.Summer,L2,3,-6.710127987,0.000183717,-10.04446717,-3.252196434,65.37381683,4.17E-14,R.Summer,3216,SIG1,Summer type,Summer type,1
Seasonality.preR.winter,L2,3,-24.76910763,1.41E-12,-30.46688399,-18.60443639,65.37381683,4.17E-14,R.winter,735,SIG1,Winter type,Winter type,1
Seasonality.preuniformity,L2,3,-10.18110291,0.269546406,-25.76851974,8.679420734,65.37381683,4.17E-14,uniformity,124,UNSIG,Uniform,Uniform,1
Seasonality.preR.Summer,L2,4,-10.30382335,4.44E-08,-13.73006274,-6.741509724,56.45206211,3.36E-12,R.Summer,2862,SIG1,Summer type,Summer type,1
Seasonality.preR.winter,L2,4,-18.59227876,3.35E-06,-25.35589373,-11.21580244,56.45206211,3.36E-12,R.winter,621,SIG1,Winter type,Winter type,1
Seasonality.preuniformity,L2,4,-21.42842685,0.026835268,-36.5335411,-2.728272321,56.45206211,3.36E-12,uniformity,99,SIG1,Uniform,Uniform,1
Seasonality.preR.Summer,L2,5,-13.09142444,2.54E-11,-16.60119,-9.433953487,57.63162398,1.88E-12,R.Summer,2638,SIG1,Summer type,Summer type,1
Seasonality.preR.winter,L2,5,-15.36734332,0.000658808,-23.11489785,-6.839083571,57.63162398,1.88E-12,R.winter,526,SIG1,Winter type,Winter type,1
Seasonality.preuniformity,L2,5,-15.77326887,0.217136513,-35.87031853,10.62182244,57.63162398,1.88E-12,uniformity,64,UNSIG,Uniform,Uniform,1
Seasonality.preR.Summer,L3,1,-2.413408221,0.288002378,-6.713517575,2.084917851,3.205058891,0.361076759,R.Summer,2580,UNSIG,Summer type,Summer type,1
Seasonality.preR.winter,L3,1,5.199906642,0.267840291,-3.822453702,15.06864942,3.205058891,0.361076759,R.winter,677,UNSIG,Winter type,Winter type,1
Seasonality.preuniformity,L3,1,-8.364866989,0.357020015,-23.90923371,10.3550143,3.205058891,0.361076759,uniformity,158,UNSIG,Uniform,Uniform,1
Seasonality.preR.Summer,L3,2,-2.048995526,0.479365469,-7.509971532,3.734418039,1.444745698,0.695080416,R.Summer,2102,UNSIG,Summer type,Summer type,1
Seasonality.preR.winter,L3,2,-5.109532537,0.377509897,-15.54305734,6.612914596,1.444745698,0.695080416,R.winter,534,UNSIG,Winter type,Winter type,1
Seasonality.preuniformity,L3,2,-5.369126287,0.684012426,-27.4539021,23.43878609,1.444745698,0.695080416,uniformity,100,UNSIG,Uniform,Uniform,1
Seasonality.preR.Summer,L3,3,-4.270115081,0.172389476,-10.08635791,1.922362991,6.813797859,0.078075523,R.Summer,1838,UNSIG,Summer type,Summer type,1
Seasonality.preR.winter,L3,3,-14.2083336,0.027168899,-25.11486571,-1.71333611,6.813797859,0.078075523,R.winter,407,SIG1,Winter type,Winter type,1
Seasonality.preuniformity,L3,3,4.212991505,0.788860877,-22.95380298,40.95890542,6.813797859,0.078075523,uniformity,82,UNSIG,Uniform,Uniform,1
Seasonality.preR.Summer,L3,4,-6.226816908,0.056687743,-12.22669927,0.18319687,7.221243879,0.065170517,R.Summer,1572,UNSIG,Summer type,Summer type,1
Seasonality.preR.winter,L3,4,-10.4101113,0.149765832,-22.85716748,4.045287101,7.221243879,0.065170517,R.winter,323,UNSIG,Winter type,Winter type,1
Seasonality.preuniformity,L3,4,23.19218252,0.218396545,-11.62364305,71.7236867,7.221243879,0.065170517,uniformity,64,UNSIG,Uniform,Uniform,1
Seasonality.preR.Summer,L3,5,-5.987620978,0.097248133,-12.60371596,1.12932725,4.952241294,0.175327862,R.Summer,1433,UNSIG,Summer type,Summer type,1
Seasonality.preR.winter,L3,5,-11.31950341,0.168864105,-25.26785092,5.232226992,4.952241294,0.175327862,R.winter,275,UNSIG,Winter type,Winter type,1
Seasonality.preuniformity,L3,5,13.57781077,0.578208845,-27.49322365,77.9132896,4.952241294,0.175327862,uniformity,40,UNSIG,Uniform,Uniform,1
SoilOrderSoilorder111,L1,1,-6.972545945,0.000200272,-10.449643,-3.360438775,62.1013283,9.32E-09,Soilorder111,1228,SIG1,Alfisols,Alfisols,1
SoilOrderSoilorder112,L1,1,-11.96769823,0.024843774,-21.24334163,-1.599606754,62.1013283,9.32E-09,Soilorder112,205,SIG1,Andisols,Andisols,1
SoilOrderSoilorder113,L1,1,-8.093308979,0.003782653,-13.19617539,-2.690464482,62.1013283,9.32E-09,Soilorder113,561,SIG1,Aridisols,Aridisols,1
SoilOrderSoilorder114,L1,1,-3.594062346,0.115620937,-7.8909381,0.903262102,62.1013283,9.32E-09,Soilorder114,935,UNSIG,Entisols,Entisols,1
SoilOrderSoilorder115,L1,1,0.939370159,0.861016761,-9.091687347,12.0772804,62.1013283,9.32E-09,Soilorder115,190,UNSIG,Gelisols,Gelisols,1
SoilOrderSoilorder116,L1,1,-13.08597618,0.086350496,-25.95795978,2.02376264,62.1013283,9.32E-09,Soilorder116,86,UNSIG,Histosols,Histosols,1
SoilOrderSoilorder117,L1,1,-8.365094562,4.32E-05,-12.12245293,-4.447083757,62.1013283,9.32E-09,Soilorder117,1137,SIG1,Inceptisols,Inceptisols,1
SoilOrderSoilorder118,L1,1,-5.197440102,0.03881553,-9.877904153,-0.273897552,62.1013283,9.32E-09,Soilorder118,655,SIG1,Mollisols,Mollisols,1
SoilOrderSoilorder119,L1,1,-5.166807915,0.113122892,-11.19081988,1.265818562,62.1013283,9.32E-09,Soilorder119,439,UNSIG,Oxisols,Oxisols,1
SoilOrderSoilorder121,L1,1,-5.832399266,0.152690527,-13.27723659,2.251550561,62.1013283,9.32E-09,Soilorder121,318,UNSIG,Spodosols,Spodosols,1
SoilOrderSoilorder122,L1,1,-4.249932421,0.076414818,-8.740921305,0.462064404,62.1013283,9.32E-09,Soilorder122,803,UNSIG,Ultisols,Ultisols,1
SoilOrderSoilorder123,L1,1,-3.762777729,0.396896139,-11.93427245,5.166938471,62.1013283,9.32E-09,Soilorder123,227,UNSIG,Vertisols,Vertisols,1
SoilOrderSoilorder111,L1,2,-8.609334822,0.000162814,-12.78746797,-4.231037816,138.7280864,1.08E-23,Soilorder111,1051,SIG1,Alfisols,Alfisols,1
SoilOrderSoilorder112,L1,2,-4.411377786,0.511857926,-16.4666029,9.38361199,138.7280864,1.08E-23,Soilorder112,170,UNSIG,Andisols,Andisols,1
SoilOrderSoilorder113,L1,2,-10.03844334,0.003023181,-16.11373088,-3.523165796,138.7280864,1.08E-23,Soilorder113,484,SIG1,Aridisols,Aridisols,1
SoilOrderSoilorder114,L1,2,-12.08404874,8.21E-06,-16.9219915,-6.964374512,138.7280864,1.08E-23,Soilorder114,783,SIG1,Entisols,Entisols,1
SoilOrderSoilorder115,L1,2,5.374252769,0.4129438,-7.037068792,19.44258859,138.7280864,1.08E-23,Soilorder115,173,UNSIG,Gelisols,Gelisols,1
SoilOrderSoilorder116,L1,2,-21.20848988,0.046734961,-37.70482795,-0.343768812,138.7280864,1.08E-23,Soilorder116,55,SIG1,Histosols,Histosols,1
SoilOrderSoilorder117,L1,2,-13.52196285,2.62E-08,-17.83526976,-8.982225253,138.7280864,1.08E-23,Soilorder117,985,SIG1,Inceptisols,Inceptisols,1
SoilOrderSoilorder118,L1,2,-13.27025332,5.87E-06,-18.45044182,-7.761009042,138.7280864,1.08E-23,Soilorder118,566,SIG1,Mollisols,Mollisols,1
SoilOrderSoilorder119,L1,2,-12.41589708,0.002797258,-19.70761407,-4.461986082,138.7280864,1.08E-23,Soilorder119,321,SIG1,Oxisols,Oxisols,1
SoilOrderSoilorder121,L1,2,-15.23909035,0.002297218,-23.78580792,-5.733937355,138.7280864,1.08E-23,Soilorder121,246,SIG1,Spodosols,Spodosols,1
SoilOrderSoilorder122,L1,2,-12.80030307,9.68E-06,-17.93414601,-7.345299239,138.7280864,1.08E-23,Soilorder122,646,SIG1,Ultisols,Ultisols,1
SoilOrderSoilorder123,L1,2,-6.595134354,0.225901814,-16.36022794,4.310051447,138.7280864,1.08E-23,Soilorder123,192,UNSIG,Vertisols,Vertisols,1
SoilOrderSoilorder111,L1,3,-13.84172546,2.70E-08,-18.24986431,-9.195890522,211.6476276,1.28E-38,Soilorder111,961,SIG1,Alfisols,Alfisols,1
SoilOrderSoilorder112,L1,3,-18.58489261,0.00699844,-29.8850593,-5.463519679,211.6476276,1.28E-38,Soilorder112,154,SIG1,Andisols,Andisols,1
SoilOrderSoilorder113,L1,3,-13.74626617,0.000203188,-20.21969146,-6.747583017,211.6476276,1.28E-38,Soilorder113,443,SIG1,Aridisols,Aridisols,1
SoilOrderSoilorder114,L1,3,-14.59939166,8.68E-07,-19.80374124,-9.057304953,211.6476276,1.28E-38,Soilorder114,719,SIG1,Entisols,Entisols,1
SoilOrderSoilorder115,L1,3,5.892844222,0.422473827,-7.932400478,21.79414382,211.6476276,1.28E-38,Soilorder115,154,UNSIG,Gelisols,Gelisols,1
SoilOrderSoilorder116,L1,3,-12.76571502,0.380591075,-35.71599808,18.3781384,211.6476276,1.28E-38,Soilorder116,34,UNSIG,Histosols,Histosols,1
SoilOrderSoilorder117,L1,3,-16.03704831,2.75E-09,-20.7383291,-11.05691847,211.6476276,1.28E-38,Soilorder117,880,SIG1,Inceptisols,Inceptisols,1
SoilOrderSoilorder118,L1,3,-17.49080931,5.82E-08,-23.02803443,-11.55524615,211.6476276,1.28E-38,Soilorder118,524,SIG1,Mollisols,Mollisols,1
SoilOrderSoilorder119,L1,3,-14.21696084,0.00345633,-22.59672913,-4.929989076,211.6476276,1.28E-38,Soilorder119,263,SIG1,Oxisols,Oxisols,1
SoilOrderSoilorder121,L1,3,-23.08441372,6.84E-05,-32.40635228,-12.47687302,211.6476276,1.28E-38,Soilorder121,188,SIG1,Spodosols,Spodosols,1
SoilOrderSoilorder122,L1,3,-20.80907734,1.42E-10,-26.25876803,-14.95663872,211.6476276,1.28E-38,Soilorder122,543,SIG1,Ultisols,Ultisols,1
SoilOrderSoilorder123,L1,3,-12.1176759,0.053240704,-22.9061993,0.180595847,211.6476276,1.28E-38,Soilorder123,150,UNSIG,Vertisols,Vertisols,1
SoilOrderSoilorder111,L1,4,-21.72525217,2.56E-16,-26.18046699,-17.0011527,299.9480811,4.82E-57,Soilorder111,805,SIG1,Alfisols,Alfisols,1
SoilOrderSoilorder112,L1,4,-12.63484569,0.10013358,-25.62774607,2.627926197,299.9480811,4.82E-57,Soilorder112,131,UNSIG,Andisols,Andisols,1
SoilOrderSoilorder113,L1,4,-14.94475736,0.000138055,-21.73764411,-7.562272836,299.9480811,4.82E-57,Soilorder113,402,SIG1,Aridisols,Aridisols,1
SoilOrderSoilorder114,L1,4,-16.86350273,9.72E-08,-22.32032158,-11.02335491,299.9480811,4.82E-57,Soilorder114,647,SIG1,Entisols,Entisols,1
SoilOrderSoilorder115,L1,4,-4.176286253,0.571531217,-17.34023887,11.08408724,299.9480811,4.82E-57,Soilorder115,143,UNSIG,Gelisols,Gelisols,1
SoilOrderSoilorder116,L1,4,-29.34780044,0.098081076,-53.18697516,6.631291618,299.9480811,4.82E-57,Soilorder116,19,UNSIG,Histosols,Histosols,1
SoilOrderSoilorder117,L1,4,-21.54116899,1.11E-14,-26.22424918,-16.56081985,299.9480811,4.82E-57,Soilorder117,797,SIG1,Inceptisols,Inceptisols,1
SoilOrderSoilorder118,L1,4,-22.46135063,1.79E-11,-28.00455246,-16.49135673,299.9480811,4.82E-57,Soilorder118,482,SIG1,Mollisols,Mollisols,1
SoilOrderSoilorder119,L1,4,-19.61191411,0.000181054,-28.29306899,-9.879780633,299.9480811,4.82E-57,Soilorder119,223,SIG1,Oxisols,Oxisols,1
SoilOrderSoilorder121,L1,4,-15.7896205,0.024956707,-27.53603366,-2.139113084,299.9480811,4.82E-57,Soilorder121,146,SIG1,Spodosols,Spodosols,1
SoilOrderSoilorder122,L1,4,-24.35031422,2.04E-12,-30.01142203,-18.23130109,299.9480811,4.82E-57,Soilorder122,473,SIG1,Ultisols,Ultisols,1
SoilOrderSoilorder123,L1,4,-21.28931737,0.00104256,-31.7841124,-9.179931868,299.9480811,4.82E-57,Soilorder123,135,SIG1,Vertisols,Vertisols,1
SoilOrderSoilorder111,L1,5,-27.49605917,1.41E-24,-31.82629454,-22.89077731,363.1374932,2.36E-70,Soilorder111,765,SIG1,Alfisols,Alfisols,1
SoilOrderSoilorder112,L1,5,-14.52193098,0.097834801,-29.01379581,2.928454438,363.1374932,2.36E-70,Soilorder112,107,UNSIG,Andisols,Andisols,1
SoilOrderSoilorder113,L1,5,-17.9356267,1.22E-05,-24.89121314,-10.33590547,363.1374932,2.36E-70,Soilorder113,369,SIG1,Aridisols,Aridisols,1
SoilOrderSoilorder114,L1,5,-22.9465659,1.88E-12,-28.33831061,-17.1491524,363.1374932,2.36E-70,Soilorder114,584,SIG1,Entisols,Entisols,1
SoilOrderSoilorder115,L1,5,-6.057842825,0.450827979,-20.14227999,10.51065436,363.1374932,2.36E-70,Soilorder115,125,UNSIG,Gelisols,Gelisols,1
SoilOrderSoilorder116,L1,5,-42.04183322,0.020598394,-63.47570711,-8.029729517,363.1374932,2.36E-70,Soilorder116,16,SIG1,Histosols,Histosols,1
SoilOrderSoilorder117,L1,5,-23.21560127,1.12E-15,-28.01998789,-18.09054047,363.1374932,2.36E-70,Soilorder117,754,SIG1,Inceptisols,Inceptisols,1
SoilOrderSoilorder118,L1,5,-26.91377348,2.88E-14,-32.58815246,-20.76175476,363.1374932,2.36E-70,Soilorder118,416,SIG1,Mollisols,Mollisols,1
SoilOrderSoilorder119,L1,5,-16.94794435,0.006442412,-27.33428897,-5.077045966,363.1374932,2.36E-70,Soilorder119,175,SIG1,Oxisols,Oxisols,1
SoilOrderSoilorder121,L1,5,-8.247883284,0.293750708,-21.86792323,7.746411838,363.1374932,2.36E-70,Soilorder121,126,UNSIG,Spodosols,Spodosols,1
SoilOrderSoilorder122,L1,5,-23.78916599,1.27E-10,-29.8451246,-17.21044064,363.1374932,2.36E-70,Soilorder122,443,SIG1,Ultisols,Ultisols,1
SoilOrderSoilorder123,L1,5,-21.97213091,0.002546276,-33.58454866,-8.329338553,363.1374932,2.36E-70,Soilorder123,113,SIG1,Vertisols,Vertisols,1
SoilOrderSoilorder111,L2,1,-4.13943902,0.124475676,-9.172757734,1.172808093,24.63545462,0.016648006,Soilorder111,1068,UNSIG,Alfisols,Alfisols,1
SoilOrderSoilorder112,L2,1,-9.149133568,0.242261525,-22.64577959,6.702386604,24.63545462,0.016648006,Soilorder112,157,UNSIG,Andisols,Andisols,1
SoilOrderSoilorder113,L2,1,-9.390557651,0.019690578,-16.59689437,-1.561566791,24.63545462,0.016648006,Soilorder113,447,SIG1,Aridisols,Aridisols,1
SoilOrderSoilorder114,L2,1,-4.215409997,0.193894834,-10.24117698,2.214883995,24.63545462,0.016648006,Soilorder114,759,UNSIG,Entisols,Entisols,1
SoilOrderSoilorder115,L2,1,-9.416697353,0.188662784,-21.83583471,4.975658451,24.63545462,0.016648006,Soilorder115,157,UNSIG,Gelisols,Gelisols,1
SoilOrderSoilorder116,L2,1,-21.64757631,0.042770692,-38.119297,-0.791329121,24.63545462,0.016648006,Soilorder116,65,SIG1,Histosols,Histosols,1
SoilOrderSoilorder117,L2,1,-6.13654873,0.036494024,-11.54522706,-0.397149961,24.63545462,0.016648006,Soilorder117,940,SIG1,Inceptisols,Inceptisols,1
SoilOrderSoilorder118,L2,1,-0.641536171,0.862127195,-7.602615179,6.843979985,24.63545462,0.016648006,Soilorder118,556,UNSIG,Mollisols,Mollisols,1
SoilOrderSoilorder119,L2,1,-3.615378317,0.426608002,-11.97997264,5.544108257,24.63545462,0.016648006,Soilorder119,375,UNSIG,Oxisols,Oxisols,1
SoilOrderSoilorder121,L2,1,-8.769052614,0.128065698,-18.93984287,2.677888322,24.63545462,0.016648006,Soilorder121,255,UNSIG,Spodosols,Spodosols,1
SoilOrderSoilorder122,L2,1,-2.529169515,0.451788843,-8.820936967,4.196758329,24.63545462,0.016648006,Soilorder122,716,UNSIG,Ultisols,Ultisols,1
SoilOrderSoilorder123,L2,1,1.175188119,0.86114626,-11.23975613,15.32661747,24.63545462,0.016648006,Soilorder123,179,UNSIG,Vertisols,Vertisols,1
SoilOrderSoilorder111,L2,2,0.228003872,0.946200135,-6.187476696,7.082214681,40.28357045,6.45E-05,Soilorder111,903,UNSIG,Alfisols,Alfisols,1
SoilOrderSoilorder112,L2,2,-14.16889321,0.130949691,-29.60574661,4.653129166,40.28357045,6.45E-05,Soilorder112,130,UNSIG,Andisols,Andisols,1
SoilOrderSoilorder113,L2,2,-9.005288988,0.070403652,-17.84772139,0.788895605,40.28357045,6.45E-05,Soilorder113,377,UNSIG,Aridisols,Aridisols,1
SoilOrderSoilorder114,L2,2,-10.30673301,0.009703228,-17.40398877,-2.599628917,40.28357045,6.45E-05,Soilorder114,603,SIG1,Entisols,Entisols,1
SoilOrderSoilorder115,L2,2,-2.093044082,0.816238738,-18.09055562,17.02889806,40.28357045,6.45E-05,Soilorder115,140,UNSIG,Gelisols,Gelisols,1
SoilOrderSoilorder116,L2,2,-20.27896676,0.20229995,-43.73072736,12.94695742,40.28357045,6.45E-05,Soilorder116,39,UNSIG,Histosols,Histosols,1
SoilOrderSoilorder117,L2,2,-7.916903242,0.024921435,-14.32097569,-1.03415886,40.28357045,6.45E-05,Soilorder117,818,SIG1,Inceptisols,Inceptisols,1
SoilOrderSoilorder118,L2,2,-6.059514406,0.164635431,-13.98695216,2.59855982,40.28357045,6.45E-05,Soilorder118,480,UNSIG,Mollisols,Mollisols,1
SoilOrderSoilorder119,L2,2,-9.395266677,0.100224854,-19.45117883,1.916050185,40.28357045,6.45E-05,Soilorder119,283,UNSIG,Oxisols,Oxisols,1
SoilOrderSoilorder121,L2,2,-20.6834959,0.002611657,-31.79187036,-7.766011827,40.28357045,6.45E-05,Soilorder121,201,SIG1,Spodosols,Spodosols,1
SoilOrderSoilorder122,L2,2,-11.1186227,0.006011681,-18.28730107,-3.321034141,40.28357045,6.45E-05,Soilorder122,574,SIG1,Ultisols,Ultisols,1
SoilOrderSoilorder123,L2,2,2.446847568,0.769260878,-12.83298151,20.4051344,40.28357045,6.45E-05,Soilorder123,153,UNSIG,Vertisols,Vertisols,1
SoilOrderSoilorder111,L2,3,-3.705303663,0.302087959,-10.36881665,3.453599471,52.69883541,4.66E-07,Soilorder111,819,UNSIG,Alfisols,Alfisols,1
SoilOrderSoilorder112,L2,3,-14.96883526,0.164801846,-32.35809525,6.89082462,52.69883541,4.66E-07,Soilorder112,104,UNSIG,Andisols,Andisols,1
SoilOrderSoilorder113,L2,3,-12.59838376,0.018370675,-21.853085,-2.247676437,52.69883541,4.66E-07,Soilorder113,339,SIG1,Aridisols,Aridisols,1
SoilOrderSoilorder114,L2,3,-11.33818898,0.008135262,-18.89836927,-3.073259276,52.69883541,4.66E-07,Soilorder114,550,SIG1,Entisols,Entisols,1
SoilOrderSoilorder115,L2,3,-0.627867558,0.948538794,-17.92742188,20.31814929,52.69883541,4.66E-07,Soilorder115,129,UNSIG,Gelisols,Gelisols,1
SoilOrderSoilorder116,L2,3,-17.66982814,0.377823101,-46.55616202,26.82953646,52.69883541,4.66E-07,Soilorder116,25,UNSIG,Histosols,Histosols,1
SoilOrderSoilorder117,L2,3,-14.03546554,0.000213773,-20.64994501,-6.869614818,52.69883541,4.66E-07,Soilorder117,706,SIG1,Inceptisols,Inceptisols,1
SoilOrderSoilorder118,L2,3,-7.074921732,0.138004634,-15.66182255,2.386255343,52.69883541,4.66E-07,Soilorder118,430,UNSIG,Mollisols,Mollisols,1
SoilOrderSoilorder119,L2,3,-11.53664856,0.079514127,-22.86368222,1.453696175,52.69883541,4.66E-07,Soilorder119,224,UNSIG,Oxisols,Oxisols,1
SoilOrderSoilorder121,L2,3,-19.17611357,0.019368119,-32.38519834,-3.386529928,52.69883541,4.66E-07,Soilorder121,153,SIG1,Spodosols,Spodosols,1
SoilOrderSoilorder122,L2,3,-15.57031567,0.000558743,-23.30846642,-7.051388031,52.69883541,4.66E-07,Soilorder122,474,SIG1,Ultisols,Ultisols,1
SoilOrderSoilorder123,L2,3,-0.29166963,0.975067593,-16.98104091,19.75278002,52.69883541,4.66E-07,Soilorder123,122,UNSIG,Vertisols,Vertisols,1
SoilOrderSoilorder111,L2,4,-10.65625253,0.004815215,-17.38815861,-3.375774255,59.91089691,2.34E-08,Soilorder111,696,SIG1,Alfisols,Alfisols,1
SoilOrderSoilorder112,L2,4,-4.961908104,0.666357615,-24.59094756,19.77658674,59.91089691,2.34E-08,Soilorder112,98,UNSIG,Andisols,Andisols,1
SoilOrderSoilorder113,L2,4,-10.23387554,0.074860038,-20.28817564,1.088604669,59.91089691,2.34E-08,Soilorder113,301,UNSIG,Aridisols,Aridisols,1
SoilOrderSoilorder114,L2,4,-13.41653311,0.003593637,-21.41826082,-4.600015012,59.91089691,2.34E-08,Soilorder114,478,SIG1,Entisols,Entisols,1
SoilOrderSoilorder115,L2,4,-5.538128733,0.584536657,-22.98760604,15.8650532,59.91089691,2.34E-08,Soilorder115,114,UNSIG,Gelisols,Gelisols,1
SoilOrderSoilorder116,L2,4,-49.74709084,0.010684522,-70.37036918,-14.76927627,59.91089691,2.34E-08,Soilorder116,17,SIG1,Histosols,Histosols,1
SoilOrderSoilorder117,L2,4,-11.28392687,0.004806362,-18.36821108,-3.584844384,59.91089691,2.34E-08,Soilorder117,656,SIG1,Inceptisols,Inceptisols,1
SoilOrderSoilorder118,L2,4,-10.16572892,0.036223624,-18.7407619,-0.685799542,59.91089691,2.34E-08,Soilorder118,411,SIG1,Mollisols,Mollisols,1
SoilOrderSoilorder119,L2,4,-15.90271227,0.029472237,-28.04411624,-1.712640674,59.91089691,2.34E-08,Soilorder119,180,SIG1,Oxisols,Oxisols,1
SoilOrderSoilorder121,L2,4,-5.686495074,0.577894441,-23.26058861,15.91224184,59.91089691,2.34E-08,Soilorder121,115,UNSIG,Spodosols,Spodosols,1
SoilOrderSoilorder122,L2,4,-18.48905939,0.000128955,-26.58867003,-9.495803403,59.91089691,2.34E-08,Soilorder122,400,SIG1,Ultisols,Ultisols,1
SoilOrderSoilorder123,L2,4,-10.43841295,0.260536436,-26.08747839,8.523937502,59.91089691,2.34E-08,Soilorder123,116,UNSIG,Vertisols,Vertisols,1
SoilOrderSoilorder111,L2,5,-12.41831565,0.00165986,-19.36431414,-4.873985361,65.14316638,2.57E-09,Soilorder111,648,SIG1,Alfisols,Alfisols,1
SoilOrderSoilorder112,L2,5,-8.709940958,0.486503484,-29.37550625,18.00261406,65.14316638,2.57E-09,Soilorder112,86,UNSIG,Andisols,Andisols,1
SoilOrderSoilorder113,L2,5,-12.18414984,0.041238977,-22.48435394,-0.515264581,65.14316638,2.57E-09,Soilorder113,280,SIG1,Aridisols,Aridisols,1
SoilOrderSoilorder114,L2,5,-15.36585554,0.001402951,-23.6014092,-6.242532305,65.14316638,2.57E-09,Soilorder114,438,SIG1,Entisols,Entisols,1
SoilOrderSoilorder115,L2,5,-14.62739268,0.160993809,-31.56387319,6.500505225,65.14316638,2.57E-09,Soilorder115,102,UNSIG,Gelisols,Gelisols,1
SoilOrderSoilorder116,L2,5,-38.66031949,0.12670309,-67.24021608,14.85290666,65.14316638,2.57E-09,Soilorder116,13,UNSIG,Histosols,Histosols,1
SoilOrderSoilorder117,L2,5,-13.83861776,0.000788436,-21.01523055,-6.009932786,65.14316638,2.57E-09,Soilorder117,621,SIG1,Inceptisols,Inceptisols,1
SoilOrderSoilorder118,L2,5,-15.49791823,0.002649327,-24.28540242,-5.690553056,65.14316638,2.57E-09,Soilorder118,350,SIG1,Mollisols,Mollisols,1
SoilOrderSoilorder119,L2,5,-10.83134947,0.215900613,-25.63681886,6.921841104,65.14316638,2.57E-09,Soilorder119,140,UNSIG,Oxisols,Oxisols,1
SoilOrderSoilorder121,L2,5,7.797850228,0.506006674,-13.60118458,34.49694254,65.14316638,2.57E-09,Soilorder121,98,UNSIG,Spodosols,Spodosols,1
SoilOrderSoilorder122,L2,5,-13.51193772,0.010984834,-22.66610048,-3.274179079,65.14316638,2.57E-09,Soilorder122,362,SIG1,Ultisols,Ultisols,1
SoilOrderSoilorder123,L2,5,-26.57716868,0.006679706,-41.26707106,-8.213122406,65.14316638,2.57E-09,Soilorder123,90,SIG1,Vertisols,Vertisols,1
SoilOrderSoilorder111,L3,1,-1.182256243,0.786719728,-9.339017403,7.708368049,5.273578693,0.94821138,Soilorder111,695,UNSIG,Alfisols,Alfisols,1
SoilOrderSoilorder112,L3,1,-9.540952003,0.473718213,-31.24279058,19.01063807,5.273578693,0.94821138,Soilorder112,83,UNSIG,Andisols,Andisols,1
SoilOrderSoilorder113,L3,1,-10.05952261,0.127068686,-21.51132511,3.063142351,5.273578693,0.94821138,Soilorder113,285,UNSIG,Aridisols,Aridisols,1
SoilOrderSoilorder114,L3,1,-5.326749241,0.341886153,-15.43234217,5.986433108,5.273578693,0.94821138,Soilorder114,417,UNSIG,Entisols,Entisols,1
SoilOrderSoilorder115,L3,1,11.78595458,0.387304836,-13.16649259,43.90872849,5.273578693,0.94821138,Soilorder115,90,UNSIG,Gelisols,Gelisols,1
SoilOrderSoilorder116,L3,1,0.522227474,0.982168081,-36.33562405,58.71856223,5.273578693,0.94821138,Soilorder116,27,UNSIG,Histosols,Histosols,1
SoilOrderSoilorder117,L3,1,-0.121477144,0.981446363,-9.846607159,10.65273323,5.273578693,0.94821138,Soilorder117,522,UNSIG,Inceptisols,Inceptisols,1
SoilOrderSoilorder118,L3,1,1.206428302,0.835847051,-9.646449573,13.36290695,5.273578693,0.94821138,Soilorder118,396,UNSIG,Mollisols,Mollisols,1
SoilOrderSoilorder119,L3,1,-2.67952705,0.723152485,-16.2584013,13.10118987,5.273578693,0.94821138,Soilorder119,226,UNSIG,Oxisols,Oxisols,1
SoilOrderSoilorder121,L3,1,2.028483564,0.845582768,-16.64103032,24.87932011,5.273578693,0.94821138,Soilorder121,139,UNSIG,Spodosols,Spodosols,1
SoilOrderSoilorder122,L3,1,1.800450272,0.749428912,-8.758297629,13.58108635,5.273578693,0.94821138,Soilorder122,442,UNSIG,Ultisols,Ultisols,1
SoilOrderSoilorder123,L3,1,7.923973854,0.527615755,-14.81652154,36.73524893,5.273578693,0.94821138,Soilorder123,93,UNSIG,Vertisols,Vertisols,1
SoilOrderSoilorder111,L3,2,0.716705467,0.897216548,-9.625961069,12.24301669,10.08074151,0.608877287,Soilorder111,580,UNSIG,Alfisols,Alfisols,1
SoilOrderSoilorder112,L3,2,9.652445675,0.590455567,-21.60704906,53.37678576,10.08074151,0.608877287,Soilorder112,75,UNSIG,Andisols,Andisols,1
SoilOrderSoilorder113,L3,2,-9.176035859,0.279211506,-23.70605228,8.121190592,10.08074151,0.608877287,Soilorder113,230,UNSIG,Aridisols,Aridisols,1
SoilOrderSoilorder114,L3,2,-4.684934775,0.525369209,-17.8038136,10.52777577,10.08074151,0.608877287,Soilorder114,317,UNSIG,Entisols,Entisols,1
SoilOrderSoilorder115,L3,2,-14.23851746,0.345549213,-37.67210153,18.00545292,10.08074151,0.608877287,Soilorder115,74,UNSIG,Gelisols,Gelisols,1
SoilOrderSoilorder116,L3,2,-43.30907683,0.096195842,-70.95218808,10.64037384,10.08074151,0.608877287,Soilorder116,17,UNSIG,Histosols,Histosols,1
SoilOrderSoilorder117,L3,2,4.089143003,0.543768027,-8.543206512,18.46631921,10.08074151,0.608877287,Soilorder117,429,UNSIG,Inceptisols,Inceptisols,1
SoilOrderSoilorder118,L3,2,-1.358534041,0.849649512,-14.36733316,13.62648351,10.08074151,0.608877287,Soilorder118,331,UNSIG,Mollisols,Mollisols,1
SoilOrderSoilorder119,L3,2,-15.73433728,0.100080859,-31.28733336,3.33905322,10.08074151,0.608877287,Soilorder119,165,UNSIG,Oxisols,Oxisols,1
SoilOrderSoilorder121,L3,2,-6.696052649,0.62451065,-29.30782318,23.14837346,10.08074151,0.608877287,Soilorder121,99,UNSIG,Spodosols,Spodosols,1
SoilOrderSoilorder122,L3,2,-5.012968987,0.486642723,-17.82584554,9.797735303,10.08074151,0.608877287,Soilorder122,331,UNSIG,Ultisols,Ultisols,1
SoilOrderSoilorder123,L3,2,12.89738813,0.399242978,-14.8488041,49.6845712,10.08074151,0.608877287,Soilorder123,88,UNSIG,Vertisols,Vertisols,1
SoilOrderSoilorder111,L3,3,-6.063040346,0.305639003,-16.65761734,5.878331132,10.55951089,0.566997013,Soilorder111,498,UNSIG,Alfisols,Alfisols,1
SoilOrderSoilorder112,L3,3,5.196026318,0.808347472,-30.1387438,58.40259044,10.55951089,0.566997013,Soilorder112,51,UNSIG,Andisols,Andisols,1
SoilOrderSoilorder113,L3,3,-14.54091008,0.10290394,-29.24627846,3.220804358,10.55951089,0.566997013,Soilorder113,205,UNSIG,Aridisols,Aridisols,1
SoilOrderSoilorder114,L3,3,-5.694131658,0.473865005,-19.67302141,10.71743217,10.55951089,0.566997013,Soilorder114,287,UNSIG,Entisols,Entisols,1
SoilOrderSoilorder115,L3,3,1.205888409,0.947421031,-29.12624087,44.51938171,10.55951089,0.566997013,Soilorder115,62,UNSIG,Gelisols,Gelisols,1
SoilOrderSoilorder116,L3,3,-8.019519982,0.804999513,-52.63250714,78.61212813,10.55951089,0.566997013,Soilorder116,17,UNSIG,Histosols,Histosols,1
SoilOrderSoilorder117,L3,3,-1.799331238,0.802115011,-14.79923109,13.18408823,10.55951089,0.566997013,Soilorder117,369,UNSIG,Inceptisols,Inceptisols,1
SoilOrderSoilorder118,L3,3,-1.867413479,0.806590785,-15.6133007,14.11756376,10.55951089,0.566997013,Soilorder118,305,UNSIG,Mollisols,Mollisols,1
SoilOrderSoilorder119,L3,3,-20.14800205,0.065541519,-37.15246813,1.457310843,10.55951089,0.566997013,Soilorder119,125,UNSIG,Oxisols,Oxisols,1
SoilOrderSoilorder121,L3,3,8.294343784,0.63631471,-22.16639953,50.67611963,10.55951089,0.566997013,Soilorder121,74,UNSIG,Spodosols,Spodosols,1
SoilOrderSoilorder122,L3,3,-11.35864132,0.15893672,-25.04869195,4.831932539,10.55951089,0.566997013,Soilorder122,261,UNSIG,Ultisols,Ultisols,1
SoilOrderSoilorder123,L3,3,11.74600354,0.48343583,-18.09006518,52.44999687,10.55951089,0.566997013,Soilorder123,73,UNSIG,Vertisols,Vertisols,1
SoilOrderSoilorder111,L3,4,-6.81116185,0.271495129,-17.82147028,5.674311592,21.35616614,0.045401973,Soilorder111,427,UNSIG,Alfisols,Alfisols,1
SoilOrderSoilorder112,L3,4,-0.010261511,0.999646614,-36.50595212,57.46275654,21.35616614,0.045401973,Soilorder112,41,UNSIG,Andisols,Andisols,1
SoilOrderSoilorder113,L3,4,-2.950384541,0.771345665,-20.69918396,18.77088196,21.35616614,0.045401973,Soilorder113,167,UNSIG,Aridisols,Aridisols,1
SoilOrderSoilorder114,L3,4,-15.844358,0.048973486,-29.12328958,-0.077584895,21.35616614,0.045401973,Soilorder114,236,SIG1,Entisols,Entisols,1
SoilOrderSoilorder115,L3,4,-34.54787027,0.032657541,-55.63512924,-3.437534855,21.35616614,0.045401973,Soilorder115,51,SIG1,Gelisols,Gelisols,1
SoilOrderSoilorder116,L3,4,-58.53391279,0.013950563,-79.44513041,-16.3489517,21.35616614,0.045401973,Soilorder116,15,SIG1,Histosols,Histosols,1
SoilOrderSoilorder117,L3,4,2.8354337,0.705370901,-11.04000728,18.87508194,21.35616614,0.045401973,Soilorder117,336,UNSIG,Inceptisols,Inceptisols,1
SoilOrderSoilorder118,L3,4,-6.142050196,0.435229004,-19.95735326,10.0577642,21.35616614,0.045401973,Soilorder118,260,UNSIG,Mollisols,Mollisols,1
SoilOrderSoilorder119,L3,4,-15.64557774,0.218858248,-35.6835612,10.63530082,21.35616614,0.045401973,Soilorder119,94,UNSIG,Oxisols,Oxisols,1
SoilOrderSoilorder121,L3,4,22.65251192,0.255451505,-13.73321153,74.38505534,21.35616614,0.045401973,Soilorder121,61,UNSIG,Spodosols,Spodosols,1
SoilOrderSoilorder122,L3,4,-7.04794582,0.434081282,-22.60230015,11.63231456,21.35616614,0.045401973,Soilorder122,206,UNSIG,Ultisols,Ultisols,1
SoilOrderSoilorder123,L3,4,21.68538354,0.235138975,-11.99240814,68.25062765,21.35616614,0.045401973,Soilorder123,65,UNSIG,Vertisols,Vertisols,1
SoilOrderSoilorder111,L3,5,-3.424543988,0.62577407,-16.0448353,11.0928522,16.13361062,0.185192817,Soilorder111,385,UNSIG,Alfisols,Alfisols,1
SoilOrderSoilorder112,L3,5,-21.6642056,0.343183649,-52.71739865,29.7833983,16.13361062,0.185192817,Soilorder112,38,UNSIG,Andisols,Andisols,1
SoilOrderSoilorder113,L3,5,-14.50558515,0.147797079,-30.85352987,5.70742016,16.13361062,0.185192817,Soilorder113,169,UNSIG,Aridisols,Aridisols,1
SoilOrderSoilorder114,L3,5,-10.95257022,0.238035621,-26.55928672,7.970693604,16.13361062,0.185192817,Soilorder114,208,UNSIG,Entisols,Entisols,1
SoilOrderSoilorder115,L3,5,10.14987387,0.659427981,-28.34176027,69.31750987,16.13361062,0.185192817,Soilorder115,45,UNSIG,Gelisols,Gelisols,1
SoilOrderSoilorder116,L3,5,-29.29487928,0.43097511,-70.162037,67.54542177,16.13361062,0.185192817,Soilorder116,11,UNSIG,Histosols,Histosols,1
SoilOrderSoilorder117,L3,5,3.241438262,0.698426779,-12.1441406,21.32138536,16.13361062,0.185192817,Soilorder117,304,UNSIG,Inceptisols,Inceptisols,1
SoilOrderSoilorder118,L3,5,-19.50505141,0.017087813,-32.65205422,-3.791620162,16.13361062,0.185192817,Soilorder118,229,SIG1,Mollisols,Mollisols,1
SoilOrderSoilorder119,L3,5,-26.5320163,0.070983751,-47.42887967,2.671287865,16.13361062,0.185192817,Soilorder119,70,UNSIG,Oxisols,Oxisols,1
SoilOrderSoilorder121,L3,5,23.39268146,0.258874631,-14.33230043,77.73039214,16.13361062,0.185192817,Soilorder121,62,UNSIG,Spodosols,Spodosols,1
SoilOrderSoilorder122,L3,5,5.608351651,0.603695415,-14.05517632,29.77074664,16.13361062,0.185192817,Soilorder122,180,UNSIG,Ultisols,Ultisols,1
SoilOrderSoilorder123,L3,5,-4.632606309,0.816184507,-36.06941635,42.26273656,16.13361062,0.185192817,Soilorder123,47,UNSIG,Vertisols,Vertisols,1
Overall effect,L1,1,-6.044012946,,-7.599106146,-4.462747761,,,Overall,,SIG1,Overall effect,Overall effect,1
Overall effect,L1,2,-11.10916143,,-12.93276958,-9.247358112,,,Overall,,SIG1,Overall effect,Overall effect,2
Overall effect,L1,3,-15.41691874,,-17.38710672,-13.39974487,,,Overall,,SIG1,Overall effect,Overall effect,2
Overall effect,L1,4,-19.81221463,,-21.84263197,-17.72904994,,,Overall,,SIG1,Overall effect,Overall effect,2
Overall effect,L1,5,-22.824384,,-24.91889071,-20.6714477,,,Overall,,SIG1,Overall effect,Overall effect,2
Overall effect,L2,1,-4.777261628,,-7.007989478,-2.493022227,,,Overall,,SIG1,Overall effect,Overall effect,2
Overall effect,L2,2,-7.337051606,,-10.02571495,-4.56804408,,,Overall,,SIG1,Overall effect,Overall effect,2
Overall effect,L2,3,-10.17670821,,-13.06298542,-7.194607653,,,Overall,,SIG1,Overall effect,Overall effect,2
Overall effect,L2,4,-12.02720684,,-15.05833124,-8.88791745,,,Overall,,SIG1,Overall effect,Overall effect,2
Overall effect,L2,5,-13.49395939,,-16.67850651,-10.18769888,,,Overall,,SIG1,Overall effect,Overall effect,2
Overall effect,L3,1,-1.26976857,,-5.080240502,2.693671474,,,Overall,,UNSIG,Overall effect,Overall effect,2
Overall effect,L3,2,-2.753825732,,-7.543681001,2.284176054,,,Overall,,UNSIG,Overall effect,Overall effect,2
Overall effect,L3,3,-5.755603093,,-10.88375565,-0.332353397,,,Overall,,SIG1,Overall effect,Overall effect,2
Overall effect,L3,4,-6.082183233,,-11.50893968,-0.322628358,,,Overall,,SIG1,Overall effect,Overall effect,2
Overall effect,L3,5,-6.423995203,,-12.43348994,-0.002082217,,,Overall,,SIG1,Overall effect,Overall effect,2
