,layers,temp_ch,effect_value,p_value,ci.lb,ci.ub,Var1,Freq,sing,names_long,Labels,Type
BiomesBiomes3,L1,1,-14.08599844,6.61E-11,-17.91368057,-10.07983163,Biomes3,1138,SIG1,Temperate forests,Temperate forests,1
BiomesBiomes1,L1,1,-9.90334044,5.59E-07,-13.50886603,-6.147512572,Biomes1,1496,SIG1,TS forests,TS forests,1
BiomesBiomes6,L1,1,-8.39425423,0.108109695,-17.68579527,1.946106207,Biomes6,253,UNSIG,Boreal forest,Boreal forest,1
BiomesBiomes5,L1,1,-8.272481063,0.000319691,-12.48623923,-3.855831859,Biomes5,1146,SIG1,Med shrublands,Med shrublands,1
BiomesBiomes2,L1,1,-6.315695592,0.005478192,-10.53087442,-1.901926107,Biomes2,1025,SIG1,TS grasslands/savannas,TS grasslands/savannas,1
BiomesBiomes8,L1,1,-5.230664456,0.077316088,-10.71468887,0.590196143,Biomes8,645,UNSIG,Deserts,Deserts,1
BiomesBiomes4,L1,1,-1.747065386,0.681612233,-9.681303721,6.884173022,Biomes4,291,UNSIG,Temperatre grasslands,Temperatre grasslands,1
BiomesBiomes9,L1,1,-1.384198825,0.514988526,-5.436445901,2.841695557,Biomes9,1257,UNSIG,Crops,Crops,1
BiomesBiomes7,L1,1,34.06436212,0.00685021,8.400941805,65.80347819,Biomes7,67,SIG2,Tundra,Tundra,1
BiomesBiomes31,L1,2,-21.58125636,1.20E-18,-25.70761886,-17.22570659,Biomes3,992,SIG1,Temperate forests,Temperate forests,1
BiomesBiomes61,L1,2,-20.09410424,0.00043361,-29.47965347,-9.459432739,Biomes6,219,SIG1,Boreal forest,Boreal forest,1
BiomesBiomes51,L1,2,-17.81657523,9.55E-12,-22.3270551,-13.04417109,Biomes5,980,SIG1,Med shrublands,Med shrublands,1
BiomesBiomes11,L1,2,-14.83441445,7.44E-10,-19.07862002,-10.36760664,Biomes1,1190,SIG1,TS forests,TS forests,1
BiomesBiomes41,L1,2,-10.76348794,0.026222717,-19.28854065,-1.337986605,Biomes4,262,SIG1,Temperatre grasslands,Temperatre grasslands,1
BiomesBiomes81,L1,2,-9.42103736,0.007571868,-15.76561919,-2.598577995,Biomes8,538,SIG1,Deserts,Deserts,1
BiomesBiomes21,L1,2,-8.534273013,0.002645587,-13.70221637,-3.056847329,Biomes2,797,SIG1,TS grasslands/savannas,TS grasslands/savannas,1
BiomesBiomes91,L1,2,-7.505618839,0.003023743,-12.15463785,-2.610560915,Biomes9,1044,SIG1,Crops,Crops,1
BiomesBiomes71,L1,2,50.74417003,0.000752255,18.7328403,91.38601199,Biomes7,68,SIG2,Tundra,Tundra,1
BiomesBiomes32,L1,3,-28.1093845,8.19E-28,-32.24005297,-23.72690912,Biomes3,924,SIG1,Temperate forests,Temperate forests,1
BiomesBiomes62,L1,3,-25.32198224,1.08E-05,-34.43018855,-14.94856835,Biomes6,221,SIG1,Boreal forest,Boreal forest,1
BiomesBiomes52,L1,3,-19.25240391,2.55E-11,-24.16990868,-14.01600392,Biomes5,871,SIG1,Med shrublands,Med shrublands,1
BiomesBiomes12,L1,3,-17.64510455,2.18E-10,-22.43638829,-12.55785212,Biomes1,962,SIG1,TS forests,TS forests,1
BiomesBiomes42,L1,3,-14.98113607,0.003640727,-23.7912685,-5.152505739,Biomes4,243,SIG1,Temperatre grasslands,Temperatre grasslands,1
BiomesBiomes92,L1,3,-14.83637354,6.57E-08,-19.65627435,-9.727322034,Biomes9,931,SIG1,Crops,Crops,1
BiomesBiomes82,L1,3,-11.30114142,0.004881457,-18.40709087,-3.576332826,Biomes8,461,SIG1,Deserts,Deserts,1
BiomesBiomes22,L1,3,-10.8635972,0.000909551,-16.7192977,-4.596165931,Biomes2,671,SIG1,TS grasslands/savannas,TS grasslands/savannas,1
BiomesBiomes72,L1,3,75.83240302,1.48E-05,36.20512981,126.9887632,Biomes7,62,SIG2,Tundra,Tundra,1
BiomesBiomes33,L1,4,-35.35566363,2.45E-41,-39.3326399,-31.11798144,Biomes3,862,SIG1,Temperate forests,Temperate forests,1
BiomesBiomes63,L1,4,-31.11468408,9.30E-08,-39.92236915,-21.01574775,Biomes6,213,SIG1,Boreal forest,Boreal forest,1
BiomesBiomes53,L1,4,-25.40614569,3.90E-17,-30.32815967,-20.13641273,Biomes5,811,SIG1,Med shrublands,Med shrublands,1
BiomesBiomes13,L1,4,-20.95521814,5.12E-11,-26.31224734,-15.20873804,Biomes1,770,SIG1,TS forests,TS forests,1
BiomesBiomes93,L1,4,-17.75079483,2.38E-09,-22.86237747,-12.30048931,Biomes9,828,SIG1,Crops,Crops,1
BiomesBiomes83,L1,4,-16.47732281,0.000123485,-23.81254562,-8.435874888,Biomes8,406,SIG1,Deserts,Deserts,1
BiomesBiomes23,L1,4,-16.44552582,4.97E-06,-22.64720265,-9.746636259,Biomes2,562,SIG1,TS grasslands/savannas,TS grasslands/savannas,1
BiomesBiomes43,L1,4,-15.15602051,0.004078929,-24.15811336,-5.085419475,Biomes4,253,SIG1,Temperatre grasslands,Temperatre grasslands,1
BiomesBiomes73,L1,4,39.0024658,0.014628141,6.710273774,81.06677844,Biomes7,59,SIG2,Tundra,Tundra,1
BiomesBiomes34,L1,5,-40.29351785,9.03E-53,-44.11323846,-36.21272887,Biomes3,833,SIG1,Temperate forests,Temperate forests,1
BiomesBiomes54,L1,5,-29.27773871,1.58E-21,-34.14124517,-24.05507429,Biomes5,759,SIG1,Med shrublands,Med shrublands,1
BiomesBiomes64,L1,5,-27.90252844,8.65E-06,-37.58053169,-16.72397178,Biomes6,199,SIG1,Boreal forest,Boreal forest,1
BiomesBiomes14,L1,5,-22.91500827,3.70E-11,-28.63540694,-16.73607745,Biomes1,657,SIG1,TS forests,TS forests,1
BiomesBiomes94,L1,5,-21.78746771,1.46E-12,-26.93250518,-16.28014314,Biomes9,772,SIG1,Crops,Crops,1
BiomesBiomes84,L1,5,-21.39438348,2.23E-06,-28.85508545,-13.15130551,Biomes8,364,SIG1,Deserts,Deserts,1
BiomesBiomes24,L1,5,-20.18857617,6.34E-07,-26.96580995,-12.78244655,Biomes2,445,SIG1,TS grasslands/savannas,TS grasslands/savannas,1
BiomesBiomes44,L1,5,-15.91468666,0.003313976,-25.09973716,-5.603269595,Biomes4,249,SIG1,Temperatre grasslands,Temperatre grasslands,1
BiomesBiomes74,L1,5,41.34996975,0.010512537,8.432664321,84.26010348,Biomes7,60,SIG2,Tundra,Tundra,1
BiomesBiomes85,L2,1,-9.987154424,0.017660931,-17.48041521,-1.81346175,Biomes8,496,SIG1,Deserts,Deserts,1
BiomesBiomes35,L2,1,-7.071597524,0.028401147,-12.9708544,-0.772460454,Biomes3,965,SIG1,Temperate forests,Temperate forests,1
BiomesBiomes25,L2,1,-6.901961721,0.03651456,-12.93781732,-0.447651726,Biomes2,821,SIG1,TS grasslands/savannas,TS grasslands/savannas,1
BiomesBiomes65,L2,1,-5.51379475,0.452513353,-18.50995683,9.555015996,Biomes6,216,UNSIG,Boreal forest,Boreal forest,1
BiomesBiomes15,L2,1,-4.804354283,0.10187025,-10.2576193,0.980282591,Biomes1,1198,UNSIG,TS forests,TS forests,1
BiomesBiomes55,L2,1,-4.757728631,0.145374631,-10.80651773,1.701268126,Biomes5,990,UNSIG,Med shrublands,Med shrublands,1
BiomesBiomes95,L2,1,2.091891467,0.488344405,-3.714723686,8.248682482,Biomes9,1124,UNSIG,Crops,Crops,1
BiomesBiomes45,L2,1,3.461798038,0.582576228,-8.362235844,16.81148871,Biomes4,242,UNSIG,Temperatre grasslands,Temperatre grasslands,1
BiomesBiomes75,L2,1,49.85960233,0.004904013,13.05448543,98.64669963,Biomes7,60,SIG2,Tundra,Tundra,1
BiomesBiomes56,L2,2,-14.59918123,0.000103867,-21.14074521,-7.514978853,Biomes5,862,SIG1,Med shrublands,Med shrublands,1
BiomesBiomes86,L2,2,-11.2036868,0.033874559,-20.4352711,-0.900997876,Biomes8,409,SIG1,Deserts,Deserts,1
BiomesBiomes36,L2,2,-10.8058032,0.00509802,-17.66538393,-3.374727147,Biomes3,812,SIG1,Temperate forests,Temperate forests,1
BiomesBiomes96,L2,2,-9.61666945,0.00688909,-16.00802805,-2.73896122,Biomes9,934,SIG1,Crops,Crops,1
BiomesBiomes16,L2,2,-9.592284568,0.009115888,-16.19132459,-2.473640477,Biomes1,941,SIG1,TS forests,TS forests,1
BiomesBiomes26,L2,2,-8.617668302,0.041637263,-16.20715146,-0.340772605,Biomes2,643,SIG1,TS grasslands/savannas,TS grasslands/savannas,1
BiomesBiomes46,L2,2,-5.59802223,0.455920028,-18.86427559,9.837355515,Biomes4,213,UNSIG,Temperatre grasslands,Temperatre grasslands,1
BiomesBiomes66,L2,2,3.927334122,0.662710962,-12.59148169,23.56794266,Biomes6,200,UNSIG,Boreal forest,Boreal forest,1
BiomesBiomes76,L2,2,70.19821641,0.000935085,24.21451168,133.2049008,Biomes7,62,SIG2,Tundra,Tundra,1
BiomesBiomes57,L2,3,-15.65796448,0.00010299,-22.60397566,-8.088574115,Biomes5,754,SIG1,Med shrublands,Med shrublands,1
BiomesBiomes17,L2,3,-14.36512403,0.000407156,-21.41975097,-6.677160316,Biomes1,745,SIG1,TS forests,TS forests,1
BiomesBiomes37,L2,3,-13.16802456,0.001137107,-20.24695709,-5.460761323,Biomes3,740,SIG1,Temperate forests,Temperate forests,1
BiomesBiomes97,L2,3,-10.59282459,0.005200999,-17.34590105,-3.288002464,Biomes9,838,SIG1,Crops,Crops,1
BiomesBiomes67,L2,3,-10.2096835,0.222836272,-24.48537965,6.7647682,Biomes6,200,UNSIG,Boreal forest,Boreal forest,1
BiomesBiomes87,L2,3,-9.637238513,0.095319482,-19.78143739,1.789765329,Biomes8,359,UNSIG,Deserts,Deserts,1
BiomesBiomes47,L2,3,-5.424987578,0.477489167,-18.91518892,10.30959875,Biomes4,203,UNSIG,Temperatre grasslands,Temperatre grasslands,1
BiomesBiomes27,L2,3,-4.289613134,0.371540235,-13.06481827,5.371357967,Biomes2,537,UNSIG,TS grasslands/savannas,TS grasslands/savannas,1
BiomesBiomes77,L2,3,33.81228951,0.072772218,-2.654126311,83.93926877,Biomes7,60,UNSIG,Tundra,Tundra,1
BiomesBiomes58,L2,4,-21.28700428,1.86E-07,-28.06187281,-13.87410353,Biomes5,697,SIG1,Med shrublands,Med shrublands,1
BiomesBiomes38,L2,4,-17.75355751,1.58E-05,-24.73628768,-10.12299162,Biomes3,688,SIG1,Temperate forests,Temperate forests,1
BiomesBiomes88,L2,4,-16.19832517,0.009365367,-26.65627893,-4.249189948,Biomes8,288,SIG1,Deserts,Deserts,1
BiomesBiomes18,L2,4,-15.5125569,0.000916476,-23.5269317,-6.658275914,Biomes1,571,SIG1,TS forests,TS forests,1
BiomesBiomes98,L2,4,-14.81127262,0.000151862,-21.59190292,-7.444262236,Biomes9,758,SIG1,Crops,Crops,1
BiomesBiomes28,L2,4,-13.15924922,0.009889916,-21.98697711,-3.332601187,Biomes2,434,SIG1,TS grasslands/savannas,TS grasslands/savannas,1
BiomesBiomes48,L2,4,-1.034293428,0.895713554,-15.28321076,15.61121668,Biomes4,201,UNSIG,Temperatre grasslands,Temperatre grasslands,1
BiomesBiomes68,L2,4,3.701898195,0.687928528,-13.1530735,23.82802849,Biomes6,193,UNSIG,Boreal forest,Boreal forest,1
BiomesBiomes78,L2,4,37.80866509,0.057989807,-1.079970244,91.98566983,Biomes7,55,UNSIG,Tundra,Tundra,1
BiomesBiomes39,L2,5,-23.07531391,1.34E-08,-29.73135755,-15.78879109,Biomes3,655,SIG1,Temperate forests,Temperate forests,1
BiomesBiomes59,L2,5,-19.8685919,3.60E-06,-27.03569224,-11.99748532,Biomes5,639,SIG1,Med shrublands,Med shrublands,1
BiomesBiomes89,L2,5,-17.08186992,0.00707612,-27.64843397,-4.972115019,Biomes8,273,SIG1,Deserts,Deserts,1
BiomesBiomes19,L2,5,-16.24318125,0.001247919,-24.79002251,-6.725079283,Biomes1,494,SIG1,TS forests,TS forests,1
BiomesBiomes29,L2,5,-14.81800726,0.008393827,-24.39423077,-4.028859678,Biomes2,354,SIG1,TS grasslands/savannas,TS grasslands/savannas,1
BiomesBiomes99,L2,5,-12.64560377,0.002585786,-19.99965635,-4.615527983,Biomes9,680,SIG1,Crops,Crops,1
BiomesBiomes49,L2,5,-0.296870098,0.969974649,-14.59681811,16.39746778,Biomes4,205,UNSIG,Temperatre grasslands,Temperatre grasslands,1
BiomesBiomes69,L2,5,4.775749372,0.623092728,-13.01149425,26.20009462,Biomes6,176,UNSIG,Boreal forest,Boreal forest,1
BiomesBiomes79,L2,5,57.74926799,0.00675732,13.42668101,119.3913401,Biomes7,55,SIG2,Tundra,Tundra,1
BiomesBiomes610,L3,1,-31.84282977,0.006256089,-48.22017728,-10.28552032,Biomes6,92,SIG1,Boreal forest,Boreal forest,1
BiomesBiomes410,L3,1,-6.51546023,0.511927177,-23.56429653,14.33608614,Biomes4,152,UNSIG,Temperatre grasslands,Temperatre grasslands,1
BiomesBiomes210,L3,1,-5.161108799,0.378428914,-15.70996246,6.707928327,Biomes2,448,UNSIG,TS grasslands/savannas,TS grasslands/savannas,1
BiomesBiomes110,L3,1,-5.110266367,0.356670207,-15.12531394,6.086537304,Biomes1,543,UNSIG,TS forests,TS forests,1
BiomesBiomes310,L3,1,-1.787268498,0.755584408,-12.32954823,10.02270929,Biomes3,500,UNSIG,Temperate forests,Temperate forests,1
BiomesBiomes810,L3,1,-1.41473565,0.854090002,-15.30404914,14.75229038,Biomes8,276,UNSIG,Deserts,Deserts,1
BiomesBiomes510,L3,1,-1.09166538,0.855799431,-12.134636,11.33919228,Biomes5,484,UNSIG,Med shrublands,Med shrublands,1
BiomesBiomes910,L3,1,4.380149832,0.378559402,-5.119365951,14.83076381,Biomes9,696,UNSIG,Crops,Crops,1
BiomesBiomes710,L3,1,207.6074516,0.001066761,56.93080917,502.955817,Biomes7,14,SIG2,Tundra,Tundra,1
BiomesBiomes611,L3,2,-28.80796674,0.03442388,-48.03814706,-2.461030296,Biomes6,84,SIG1,Boreal forest,Boreal forest,1
BiomesBiomes411,L3,2,-14.66481519,0.218149727,-33.70000521,9.835510403,Biomes4,122,UNSIG,Temperatre grasslands,Temperatre grasslands,1
BiomesBiomes211,L3,2,-12.05284848,0.10170852,-24.59088849,2.5698527,Biomes2,326,UNSIG,TS grasslands/savannas,TS grasslands/savannas,1
BiomesBiomes311,L3,2,-9.752833973,0.154978939,-21.65450363,3.956849515,Biomes3,393,UNSIG,Temperate forests,Temperate forests,1
BiomesBiomes911,L3,2,-2.969531226,0.615176896,-13.72909932,9.131952913,Biomes9,561,UNSIG,Crops,Crops,1
BiomesBiomes111,L3,2,-2.033184188,0.781748037,-15.28383369,13.29002974,Biomes1,394,UNSIG,TS forests,TS forests,1
BiomesBiomes811,L3,2,-2.011010655,0.837880509,-19.33924503,19.03982347,Biomes8,204,UNSIG,Deserts,Deserts,1
BiomesBiomes511,L3,2,-0.67735043,0.924265114,-13.66414291,14.26293837,Biomes5,422,UNSIG,Med shrublands,Med shrublands,1
BiomesBiomes711,L3,2,4.654999341,0.910675497,-52.73477957,131.7278707,Biomes7,13,UNSIG,Tundra,Tundra,1
BiomesBiomes712,L3,3,-35.73611848,0.239727884,-69.25127138,34.30950331,Biomes7,15,UNSIG,Tundra,Tundra,1
BiomesBiomes612,L3,3,-34.01522735,0.019483743,-53.44549589,-6.475424797,Biomes6,71,SIG1,Boreal forest,Boreal forest,1
BiomesBiomes412,L3,3,-14.18015344,0.219663452,-32.77359874,9.555857902,Biomes4,132,UNSIG,Temperatre grasslands,Temperatre grasslands,1
BiomesBiomes112,L3,3,-9.056374563,0.276515467,-23.3494304,7.901911887,Biomes1,291,UNSIG,TS forests,TS forests,1
BiomesBiomes312,L3,3,-8.844579969,0.2424614,-21.95502963,6.468239545,Biomes3,334,UNSIG,Temperate forests,Temperate forests,1
BiomesBiomes912,L3,3,-6.842732309,0.267897573,-17.82124922,5.602439085,Biomes9,508,UNSIG,Crops,Crops,1
BiomesBiomes512,L3,3,-3.851421773,0.61532878,-17.50828192,12.06639054,Biomes5,359,UNSIG,Med shrublands,Med shrublands,1
BiomesBiomes212,L3,3,-2.357299075,0.788807701,-17.99645912,16.26445567,Biomes2,261,UNSIG,TS grasslands/savannas,TS grasslands/savannas,1
BiomesBiomes812,L3,3,5.58322445,0.615541466,-14.59055632,30.52206881,Biomes8,181,UNSIG,Deserts,Deserts,1
BiomesBiomes713,L3,4,-60.08822382,0.010440435,-80.23914085,-19.38863257,Biomes7,16,SIG1,Tundra,Tundra,1
BiomesBiomes613,L3,4,-21.27754636,0.193184555,-45.0969372,12.87575577,Biomes6,65,UNSIG,Boreal forest,Boreal forest,1
BiomesBiomes213,L3,4,-14.6380657,0.108540917,-29.64165627,3.564970985,Biomes2,203,UNSIG,TS grasslands/savannas,TS grasslands/savannas,1
BiomesBiomes113,L3,4,-11.16233218,0.242484319,-27.1550338,8.341476913,Biomes1,212,UNSIG,TS forests,TS forests,1
BiomesBiomes413,L3,4,-10.57409166,0.373877481,-30.09897602,14.40451981,Biomes4,125,UNSIG,Temperatre grasslands,Temperatre grasslands,1
BiomesBiomes913,L3,4,-7.401442358,0.262405147,-19.05305467,5.92731872,Biomes9,429,UNSIG,Crops,Crops,1
BiomesBiomes513,L3,4,-7.309593586,0.381723529,-21.80646374,9.874957095,Biomes5,280,UNSIG,Med shrublands,Med shrublands,1
BiomesBiomes313,L3,4,-0.72839653,0.927295831,-15.15464965,16.1507521,Biomes3,319,UNSIG,Temperate forests,Temperate forests,1
BiomesBiomes813,L3,4,23.67600891,0.057067897,-0.636454773,53.93729305,Biomes8,160,UNSIG,Deserts,Deserts,1
BiomesBiomes114,L3,5,-18.17618699,0.07971798,-34.62130704,2.405479106,Biomes1,179,UNSIG,TS forests,TS forests,1
BiomesBiomes314,L3,5,-17.461582,0.023939606,-30.12592946,-2.501880989,Biomes3,305,SIG1,Temperate forests,Temperate forests,1
BiomesBiomes214,L3,5,-16.23101423,0.111329935,-32.63985638,4.17500021,Biomes2,175,UNSIG,TS grasslands/savannas,TS grasslands/savannas,1
BiomesBiomes614,L3,5,-15.17219272,0.412950583,-42.7913511,25.78092694,Biomes6,60,UNSIG,Boreal forest,Boreal forest,1
BiomesBiomes914,L3,5,-6.97113094,0.350199045,-20.05752723,8.257477885,Biomes9,368,UNSIG,Crops,Crops,1
BiomesBiomes514,L3,5,-5.755621681,0.508827765,-20.953944,12.36490844,Biomes5,284,UNSIG,Med shrublands,Med shrublands,1
BiomesBiomes414,L3,5,13.20271807,0.375977078,-13.97440092,48.9656046,Biomes4,110,UNSIG,Temperatre grasslands,Temperatre grasslands,1
BiomesBiomes814,L3,5,19.39111701,0.140974099,-5.703396936,51.16386336,Biomes8,152,UNSIG,Deserts,Deserts,1
BiomesBiomes714,L3,5,21.97421733,0.592848271,-41.10792342,152.6266784,Biomes7,16,UNSIG,Tundra,Tundra,1
LandformLandform21,L1,1,-7.508549078,2.27E-06,-10.45357984,-4.466661224,Landform21,2178,SIG1,Plains,Plains,1
LandformLandform23,L1,1,-7.265764832,9.58E-09,-9.624626177,-4.845335533,Landform23,3759,SIG1,Mountains,Mountains,1
LandformLandform22,L1,1,-6.451736702,0.001082425,-10.1194918,-2.634311473,Landform22,1382,SIG1,Plateaus,Plateaus,1
LandformLandform211,L1,2,-15.10737929,5.71E-15,-18.52584085,-11.54548722,Landform21,1703,SIG1,Plains,Plains,1
LandformLandform231,L1,2,-12.8918108,9.51E-19,-15.51682524,-10.18523336,Landform23,3264,SIG1,Mountains,Mountains,1
LandformLandform221,L1,2,-12.15203631,3.29E-07,-16.41421341,-7.67252376,Landform22,1123,SIG1,Plateaus,Plateaus,1
LandformLandform212,L1,3,-17.90795557,9.60E-16,-21.76723952,-13.8582901,Landform21,1411,SIG1,Plains,Plains,1
LandformLandform232,L1,3,-17.4854618,1.59E-28,-20.24392305,-14.6315958,Landform23,2937,SIG1,Mountains,Mountains,1
LandformLandform222,L1,3,-17.097101,7.25E-11,-21.64373673,-12.28664594,Landform22,998,SIG1,Plateaus,Plateaus,1
LandformLandform213,L1,4,-25.65934835,1.68E-26,-29.60608926,-21.49132746,Landform21,1173,SIG1,Plains,Plains,1
LandformLandform233,L1,4,-21.91967259,3.25E-39,-24.75711224,-18.97523194,Landform23,2707,SIG1,Mountains,Mountains,1
LandformLandform223,L1,4,-21.1082908,7.65E-14,-25.86261048,-16.04908373,Landform22,885,SIG1,Plateaus,Plateaus,1
LandformLandform214,L1,5,-30.01445881,1.85E-32,-34.02179542,-25.76372748,Landform21,1057,SIG1,Plains,Plains,1
LandformLandform224,L1,5,-26.40084079,4.76E-19,-31.19604251,-21.27144376,Landform22,792,SIG1,Plateaus,Plateaus,1
LandformLandform234,L1,5,-24.66090062,2.68E-45,-27.56385962,-21.64160231,Landform23,2490,SIG1,Mountains,Mountains,1
LandformLandform235,L2,1,-6.044594028,0.000852903,-9.425036717,-2.537986311,Landform23,3104,SIG1,Mountains,Mountains,1
LandformLandform225,L2,1,-2.82807705,0.320567356,-8.175977967,2.831289687,Landform22,1173,UNSIG,Plateaus,Plateaus,1
LandformLandform215,L2,1,-1.280968249,0.586041532,-5.756910313,3.407552344,Landform21,1835,UNSIG,Plains,Plains,1
LandformLandform216,L2,2,-10.38281287,0.000336425,-15.59528255,-4.848443652,Landform21,1430,SIG1,Plains,Plains,1
LandformLandform236,L2,2,-9.949579288,4.23E-06,-13.88251895,-5.837024361,Landform23,2678,SIG1,Mountains,Mountains,1
LandformLandform226,L2,2,-6.695807385,0.058053982,-13.14891648,0.236773187,Landform22,968,UNSIG,Plateaus,Plateaus,1
LandformLandform237,L2,3,-12.94117725,9.78E-09,-16.96873097,-8.718261124,Landform23,2415,SIG1,Mountains,Mountains,1
LandformLandform217,L2,3,-9.182752867,0.004792496,-15.06216646,-2.896365106,Landform21,1179,SIG1,Plains,Plains,1
LandformLandform227,L2,3,-7.734089394,0.04227289,-14.63058076,-0.280471211,Landform22,842,SIG1,Plateaus,Plateaus,1
LandformLandform218,L2,4,-19.21619495,2.14E-08,-25.02996191,-12.95158274,Landform21,947,SIG1,Plains,Plains,1
LandformLandform238,L2,4,-13.93475003,4.35E-09,-18.14051832,-9.512898205,Landform23,2200,SIG1,Mountains,Mountains,1
LandformLandform228,L2,4,-9.96576718,0.01360901,-17.1691736,-2.13591447,Landform22,738,SIG1,Plateaus,Plateaus,1
LandformLandform219,L2,5,-18.13101761,6.35E-07,-24.32945239,-11.42484772,Landform21,862,SIG1,Plains,Plains,1
LandformLandform239,L2,5,-14.37116319,6.47E-09,-18.74177161,-9.765474365,Landform23,2015,SIG1,Mountains,Mountains,1
LandformLandform229,L2,5,-12.32465412,0.003735046,-19.78281157,-4.173077791,Landform22,654,SIG1,Plateaus,Plateaus,1
LandformLandform2310,L3,1,-3.676279035,0.279129219,-9.99331235,3.084109225,Landform23,1450,UNSIG,Mountains,Mountains,1
LandformLandform2210,L3,1,-2.793363487,0.571526118,-11.88004656,7.230312929,Landform22,657,UNSIG,Plateaus,Plateaus,1
LandformLandform2110,L3,1,0.453195233,0.90787716,-6.95299352,8.448888517,Landform21,1098,UNSIG,Plains,Plains,1
LandformLandform2211,L3,2,-12.60114909,0.031625078,-22.70350646,-1.17845208,Landform22,516,SIG1,Plateaus,Plateaus,1
LandformLandform2111,L3,2,-5.916310201,0.229644999,-14.8271658,3.926806824,Landform21,798,UNSIG,Plains,Plains,1
LandformLandform2311,L3,2,-3.525692078,0.389361656,-11.096789,4.690167932,Landform23,1205,UNSIG,Mountains,Mountains,1
LandformLandform2212,L3,3,-8.477683574,0.19277962,-19.90055178,4.57418359,Landform22,454,UNSIG,Plateaus,Plateaus,1
LandformLandform2312,L3,3,-7.075370992,0.101018718,-14.87786957,1.442323312,Landform23,1071,UNSIG,Mountains,Mountains,1
LandformLandform2112,L3,3,-6.384837225,0.255349142,-16.44502029,4.886611567,Landform21,627,UNSIG,Plains,Plains,1
LandformLandform2113,L3,4,-10.85325864,0.070032431,-21.27226526,0.944622899,Landform21,509,UNSIG,Plains,Plains,1
LandformLandform2313,L3,4,-5.446483214,0.240853318,-13.89416169,3.829980775,Landform23,916,UNSIG,Mountains,Mountains,1
LandformLandform2213,L3,4,-3.17962538,0.656323867,-16.02349973,11.62866888,Landform22,384,UNSIG,Plateaus,Plateaus,1
LandformLandform2114,L3,5,-14.0036332,0.029728384,-24.94106407,-1.472422836,Landform21,464,SIG1,Plains,Plains,1
LandformLandform2314,L3,5,-6.386424977,0.201379381,-15.39990223,3.587367621,Landform23,846,UNSIG,Mountains,Mountains,1
LandformLandform2214,L3,5,-2.251622942,0.776824752,-16.49305044,14.41856358,Landform22,339,UNSIG,Plateaus,Plateaus,1
Seasonality.preR.winter,L1,1,-9.231201562,1.74E-06,-12.76403261,-5.555299992,R.winter,1561,SIG1,Winter type,Winter type,1
Seasonality.preuniformity,L1,1,-8.116971889,0.065665531,-16.03689051,0.550002335,uniformity,311,UNSIG,Uniform,Uniform,1
Seasonality.preR.Summer,L1,1,-6.559069691,1.38E-10,-8.475034844,-4.60299611,R.Summer,5447,SIG1,Summer type,Summer type,1
Seasonality.preuniformity1,L1,2,-19.8176462,0.000672307,-29.40168801,-8.932527153,uniformity,191,SIG1,Uniform,Uniform,1
Seasonality.preR.winter1,L1,2,-19.78712864,1.09E-17,-23.7344269,-15.63552897,R.winter,1199,SIG1,Winter type,Winter type,1
Seasonality.preR.Summer1,L1,2,-11.49678943,6.89E-22,-13.67288935,-9.265835241,R.Summer,4700,SIG1,Summer type,Summer type,1
Seasonality.preuniformity2,L1,3,-33.50497541,1.98E-07,-42.98243964,-22.4521662,uniformity,146,SIG1,Uniform,Uniform,1
Seasonality.preR.winter2,L1,3,-23.15305468,2.07E-18,-27.55351341,-18.4853085,R.winter,982,SIG1,Winter type,Winter type,1
Seasonality.preR.Summer2,L1,3,-15.61364248,8.15E-33,-17.93448607,-13.22716455,R.Summer,4218,SIG1,Summer type,Summer type,1
Seasonality.preuniformity3,L1,4,-50.41281328,4.11E-13,-58.97606103,-40.06209183,uniformity,102,SIG1,Uniform,Uniform,1
Seasonality.preR.winter3,L1,4,-26.00580327,4.46E-19,-30.74155285,-20.9462329,R.winter,847,SIG1,Winter type,Winter type,1
Seasonality.preR.Summer3,L1,4,-21.1145892,2.01E-52,-23.48491044,-18.67083902,R.Summer,3816,SIG1,Summer type,Summer type,1
Seasonality.preuniformity4,L1,5,-51.69342685,4.19E-11,-61.08408905,-40.03673684,uniformity,84,SIG1,Uniform,Uniform,1
Seasonality.preR.winter4,L1,5,-27.59529436,9.80E-19,-32.59908094,-22.22003095,R.winter,760,SIG1,Winter type,Winter type,1
Seasonality.preR.Summer4,L1,5,-25.39122035,1.37E-69,-27.78120199,-22.92214556,R.Summer,3495,SIG1,Summer type,Summer type,1
Seasonality.preR.winter5,L2,1,-10.98668183,7.55E-05,-15.97142572,-5.706232911,R.winter,1278,SIG1,Winter type,Winter type,1
Seasonality.preR.Summer5,L2,1,-2.960229566,0.04536078,-5.774375168,-0.062036599,R.Summer,4546,SIG1,Summer type,Summer type,1
Seasonality.preuniformity5,L2,1,13.01647221,0.048512765,0.079949794,27.62519382,uniformity,288,NA,Uniform,Uniform,1
Seasonality.preR.winter6,L2,2,-22.46704931,2.31E-11,-28.04086336,-16.46149853,R.winter,978,SIG1,Winter type,Winter type,1
Seasonality.preuniformity6,L2,2,-9.13010282,0.280962273,-23.64583627,8.145224966,uniformity,177,UNSIG,Uniform,Uniform,1
Seasonality.preR.Summer6,L2,2,-6.082944527,0.000665471,-9.416614497,-2.626588092,R.Summer,3921,SIG1,Summer type,Summer type,1
Seasonality.preR.winter7,L2,3,-26.81267347,2.31E-13,-32.67344211,-20.44172564,R.winter,790,SIG1,Winter type,Winter type,1
Seasonality.preuniformity7,L2,3,-11.04256102,0.250986893,-27.15184879,8.62905673,uniformity,137,UNSIG,Uniform,Uniform,1
Seasonality.preR.Summer7,L2,3,-7.100208253,0.000184508,-10.61806872,-3.443893153,R.Summer,3509,SIG1,Summer type,Summer type,1
Seasonality.preR.winter8,L2,4,-27.84357279,3.86E-12,-34.19460776,-20.87958433,R.winter,665,SIG1,Winter type,Winter type,1
Seasonality.preuniformity8,L2,4,-27.04699345,0.009687571,-42.55220752,-7.356907287,uniformity,96,SIG1,Uniform,Uniform,1
Seasonality.preR.Summer8,L2,4,-11.145346,1.92E-08,-14.7331658,-7.406559526,R.Summer,3124,SIG1,Summer type,Summer type,1
Seasonality.preuniformity9,L2,5,-27.35544622,0.018235745,-44.28501428,-5.281655802,uniformity,80,SIG1,Uniform,Uniform,1
Seasonality.preR.winter9,L2,5,-25.88446669,2.06E-09,-32.80080139,-18.25628293,R.winter,592,SIG1,Winter type,Winter type,1
Seasonality.preR.Summer9,L2,5,-12.24856599,3.09E-09,-15.95956964,-8.373694202,R.Summer,2859,SIG1,Summer type,Summer type,1
Seasonality.preR.winter10,L3,1,-5.071351442,0.312728845,-14.19467119,5.022012527,R.winter,657,UNSIG,Winter type,Winter type,1
Seasonality.preuniformity10,L3,1,-3.317390979,0.749282918,-21.38739223,18.90620541,uniformity,158,UNSIG,Uniform,Uniform,1
Seasonality.preR.Summer10,L3,1,-1.187828814,0.652210273,-6.191488835,4.082721847,R.Summer,2390,UNSIG,Summer type,Summer type,1
Seasonality.preR.winter11,L3,2,-8.192154054,0.199986129,-19.44155062,4.628138231,R.winter,481,UNSIG,Winter type,Winter type,1
Seasonality.preuniformity11,L3,2,-7.813740074,0.580735584,-30.93175197,23.04216136,uniformity,97,UNSIG,Uniform,Uniform,1
Seasonality.preR.Summer11,L3,2,-5.706093782,0.070699835,-11.52645931,0.497173287,R.Summer,1941,UNSIG,Summer type,Summer type,1
Seasonality.preR.winter12,L3,3,-18.20428803,0.009587782,-29.74148423,-4.772561402,R.winter,363,SIG1,Winter type,Winter type,1
Seasonality.preR.Summer12,L3,3,-5.088061144,0.135787037,-11.38204849,1.652949358,R.Summer,1720,UNSIG,Summer type,Summer type,1
Seasonality.preuniformity12,L3,3,1.486094359,0.933217424,-28.127597,43.30155829,uniformity,69,UNSIG,Uniform,Uniform,1
Seasonality.preR.winter13,L3,4,-11.68804379,0.1479498,-25.37346244,4.507081056,R.winter,287,UNSIG,Winter type,Winter type,1
Seasonality.preR.Summer13,L3,4,-6.419383484,0.075633468,-13.0242967,0.687105189,R.Summer,1469,UNSIG,Summer type,Summer type,1
Seasonality.preuniformity13,L3,4,22.24069056,0.312071888,-17.18357516,80.43264312,uniformity,53,UNSIG,Uniform,Uniform,1
Seasonality.preR.winter14,L3,5,-18.55878988,0.033359776,-32.59098209,-1.605587638,R.winter,250,SIG1,Winter type,Winter type,1
Seasonality.preR.Summer14,L3,5,-6.553315289,0.094041899,-13.68055971,1.162413175,R.Summer,1352,UNSIG,Summer type,Summer type,1
Seasonality.preuniformity14,L3,5,20.94556463,0.395147126,-21.97703621,87.48108114,uniformity,47,UNSIG,Uniform,Uniform,1
SoilOrderSoilorder116,L1,1,-26.86551039,0.000183119,-37.92190661,-13.83991875,Soilorder116,102,SIG1,Histosols,Histosols,1
SoilOrderSoilorder121,L1,1,-12.07980648,0.005829979,-19.76870868,-3.654044432,Soilorder121,324,SIG1,Spodosols,Spodosols,1
SoilOrderSoilorder117,L1,1,-8.883055953,6.33E-05,-12.94301479,-4.633758311,Soilorder117,1220,SIG1,Inceptisols,Inceptisols,1
SoilOrderSoilorder112,L1,1,-7.924497147,0.164847854,-18.05029012,3.452449527,Soilorder112,215,UNSIG,Andisols,Andisols,1
SoilOrderSoilorder113,L1,1,-7.459060311,0.013619326,-12.98607857,-1.580972591,Soilorder113,608,SIG1,Aridisols,Aridisols,1
SoilOrderSoilorder118,L1,1,-6.885273434,0.010730674,-11.85086126,-1.639965776,Soilorder118,711,SIG1,Mollisols,Mollisols,1
SoilOrderSoilorder119,L1,1,-6.616157069,0.059602761,-13.03585365,0.277441754,Soilorder119,447,UNSIG,Oxisols,Oxisols,1
SoilOrderSoilorder122,L1,1,-6.555598503,0.009366789,-11.21461836,-1.65209621,Soilorder122,878,SIG1,Ultisols,Ultisols,1
SoilOrderSoilorder114,L1,1,-6.125195448,0.010793411,-10.57803178,-1.450626675,Soilorder114,1037,SIG1,Entisols,Entisols,1
SoilOrderSoilorder111,L1,1,-6.057307398,0.002674659,-9.811608523,-2.146724775,Soilorder111,1338,SIG1,Alfisols,Alfisols,1
SoilOrderSoilorder123,L1,1,-4.438062015,0.311628441,-12.48243699,4.345729899,Soilorder123,287,UNSIG,Vertisols,Vertisols,1
SoilOrderSoilorder115,L1,1,3.558968497,0.63789767,-10.47609239,19.79436826,Soilorder115,152,UNSIG,Gelisols,Gelisols,1
SoilOrderSoilorder1161,L1,2,-37.41081757,0.000267394,-51.3509653,-19.47618733,Soilorder116,52,SIG1,Histosols,Histosols,1
SoilOrderSoilorder1171,L1,2,-18.32809135,7.79E-13,-22.72841604,-13.67718479,Soilorder117,1029,SIG1,Inceptisols,Inceptisols,1
SoilOrderSoilorder1121,L1,2,-16.88441206,0.009533134,-27.73015159,-4.411021874,Soilorder112,188,SIG1,Andisols,Andisols,1
SoilOrderSoilorder1181,L1,2,-14.31102076,4.62E-06,-19.789831,-8.457976653,Soilorder118,605,SIG1,Mollisols,Mollisols,1
SoilOrderSoilorder1221,L1,2,-13.91238649,4.84E-06,-19.26753684,-8.202018007,Soilorder122,703,SIG1,Ultisols,Ultisols,1
SoilOrderSoilorder1111,L1,2,-13.25995074,1.57E-08,-17.43371102,-8.875205143,Soilorder111,1136,SIG1,Alfisols,Alfisols,1
SoilOrderSoilorder1191,L1,2,-12.36293091,0.004584179,-20.00482645,-3.991009231,Soilorder119,336,SIG1,Oxisols,Oxisols,1
SoilOrderSoilorder1131,L1,2,-11.96019615,0.000704668,-18.21502814,-5.227000919,Soilorder113,528,SIG1,Aridisols,Aridisols,1
SoilOrderSoilorder1211,L1,2,-11.5787667,0.041288012,-21.43562619,-0.485243886,Soilorder121,240,SIG1,Spodosols,Spodosols,1
SoilOrderSoilorder1141,L1,2,-9.89505003,0.000438906,-14.98018141,-4.505771193,Soilorder114,894,SIG1,Entisols,Entisols,1
SoilOrderSoilorder1231,L1,2,-8.239540347,0.117941013,-17.6163934,2.204580532,Soilorder123,242,UNSIG,Vertisols,Vertisols,1
SoilOrderSoilorder1151,L1,2,6.223226978,0.486795204,-10.39706232,25.92638413,Soilorder115,137,UNSIG,Gelisols,Gelisols,1
SoilOrderSoilorder1212,L1,3,-25.40380623,5.18E-05,-35.27375601,-14.02881147,Soilorder121,186,SIG1,Spodosols,Spodosols,1
SoilOrderSoilorder1172,L1,3,-21.06239032,5.01E-14,-25.77436608,-16.05128992,Soilorder117,932,SIG1,Inceptisols,Inceptisols,1
SoilOrderSoilorder1122,L1,3,-20.58079084,0.003894158,-32.08330248,-7.130190165,Soilorder112,160,SIG1,Andisols,Andisols,1
SoilOrderSoilorder1182,L1,3,-20.38959462,1.29E-09,-26.04136453,-14.30592785,Soilorder118,561,SIG1,Mollisols,Mollisols,1
SoilOrderSoilorder1222,L1,3,-19.53468202,7.81E-09,-25.25884316,-13.3721276,Soilorder122,604,SIG1,Ultisols,Ultisols,1
SoilOrderSoilorder1112,L1,3,-17.55608025,9.52E-12,-22.00961907,-12.84822791,Soilorder111,1018,SIG1,Alfisols,Alfisols,1
SoilOrderSoilorder1132,L1,3,-17.05127862,7.59E-06,-23.57045382,-9.976040393,Soilorder113,483,SIG1,Aridisols,Aridisols,1
SoilOrderSoilorder1162,L1,3,-16.84126503,0.300793364,-41.35924409,17.92779775,Soilorder116,31,UNSIG,Histosols,Histosols,1
SoilOrderSoilorder1192,L1,3,-16.53658339,0.001051472,-25.09093963,-7.005349192,Soilorder119,279,SIG1,Oxisols,Oxisols,1
SoilOrderSoilorder1142,L1,3,-11.90085754,0.000149017,-17.4846859,-5.939170364,Soilorder114,787,SIG1,Entisols,Entisols,1
SoilOrderSoilorder1232,L1,3,-10.2323556,0.101895136,-21.12357076,2.162712725,Soilorder123,180,UNSIG,Vertisols,Vertisols,1
SoilOrderSoilorder1152,L1,3,3.706748622,0.695263146,-13.55946986,24.42183884,Soilorder115,125,UNSIG,Gelisols,Gelisols,1
SoilOrderSoilorder1163,L1,4,-60.08670642,0.000608255,-76.39251493,-32.51839409,Soilorder116,14,SIG1,Histosols,Histosols,1
SoilOrderSoilorder1213,L1,4,-30.07786574,1.37E-05,-40.4925993,-17.84038957,Soilorder121,157,SIG1,Spodosols,Spodosols,1
SoilOrderSoilorder1173,L1,4,-26.64157359,1.52E-19,-31.40562091,-21.54665155,Soilorder117,840,SIG1,Inceptisols,Inceptisols,1
SoilOrderSoilorder1113,L1,4,-25.47948315,1.44E-20,-29.95947262,-20.71294092,Soilorder111,892,SIG1,Alfisols,Alfisols,1
SoilOrderSoilorder1183,L1,4,-24.40251666,7.01E-12,-30.21167266,-18.10980855,Soilorder118,520,SIG1,Mollisols,Mollisols,1
SoilOrderSoilorder1223,L1,4,-23.65776591,1.48E-10,-29.7079888,-17.08678402,Soilorder122,514,SIG1,Ultisols,Ultisols,1
SoilOrderSoilorder1193,L1,4,-22.91094894,3.98E-05,-31.91022504,-12.72225827,Soilorder119,234,SIG1,Oxisols,Oxisols,1
SoilOrderSoilorder1233,L1,4,-20.22325543,0.00165087,-30.69573758,-8.16828934,Soilorder123,166,SIG1,Vertisols,Vertisols,1
SoilOrderSoilorder1133,L1,4,-18.80754707,4.03E-06,-25.69027918,-11.28732097,Soilorder113,442,SIG1,Aridisols,Aridisols,1
SoilOrderSoilorder1143,L1,4,-16.78693384,3.61E-07,-22.47320887,-10.68359365,Soilorder114,727,SIG1,Entisols,Entisols,1
SoilOrderSoilorder1123,L1,4,-15.97079592,0.045686048,-29.15493512,-0.333112113,Soilorder112,146,SIG1,Andisols,Andisols,1
SoilOrderSoilorder1153,L1,4,1.957560001,0.849340916,-16.52635478,24.53444455,Soilorder115,113,UNSIG,Gelisols,Gelisols,1
SoilOrderSoilorder1164,L1,5,-58.77325494,0.002766429,-76.92494406,-26.34277844,Soilorder116,13,SIG1,Histosols,Histosols,1
SoilOrderSoilorder1114,L1,5,-31.75594826,4.53E-30,-36.09739419,-27.1195511,Soilorder111,822,SIG1,Alfisols,Alfisols,1
SoilOrderSoilorder1174,L1,5,-30.96263665,2.76E-25,-35.62326495,-25.96459677,Soilorder117,810,SIG1,Inceptisols,Inceptisols,1
SoilOrderSoilorder1194,L1,5,-28.84478156,2.53E-06,-38.24794253,-18.00977458,Soilorder119,184,SIG1,Oxisols,Oxisols,1
SoilOrderSoilorder1184,L1,5,-28.73627137,8.52E-15,-34.58077659,-22.36962237,Soilorder118,471,SIG1,Mollisols,Mollisols,1
SoilOrderSoilorder1124,L1,5,-27.30180332,0.001635966,-40.38628313,-11.34544064,Soilorder112,115,SIG1,Andisols,Andisols,1
SoilOrderSoilorder1224,L1,5,-23.7817867,1.32E-09,-30.18548646,-16.79071092,Soilorder122,480,SIG1,Ultisols,Ultisols,1
SoilOrderSoilorder1234,L1,5,-22.29570773,0.001222446,-33.31304947,-9.4581925,Soilorder123,150,SIG1,Vertisols,Vertisols,1
SoilOrderSoilorder1144,L1,5,-22.00227103,1.13E-10,-27.67567842,-15.883819,Soilorder114,666,SIG1,Entisols,Entisols,1
SoilOrderSoilorder1134,L1,5,-19.20658388,1.02E-05,-26.50886586,-11.178727,Soilorder113,408,SIG1,Aridisols,Aridisols,1
SoilOrderSoilorder1214,L1,5,-10.96387189,0.212891978,-25.83284301,6.886018442,Soilorder121,122,UNSIG,Spodosols,Spodosols,1
SoilOrderSoilorder1154,L1,5,-1.544446649,0.887864834,-20.69866832,22.2362321,Soilorder115,98,UNSIG,Gelisols,Gelisols,1
SoilOrderSoilorder1165,L2,1,-18.61683186,0.097980637,-36.2374272,3.873162037,Soilorder116,81,UNSIG,Histosols,Histosols,1
SoilOrderSoilorder1215,L2,1,-13.62977456,0.025931359,-24.07853486,-1.742994191,Soilorder121,280,SIG1,Spodosols,Spodosols,1
SoilOrderSoilorder1135,L2,1,-10.13312577,0.018719789,-17.79126011,-1.761599872,Soilorder113,488,SIG1,Aridisols,Aridisols,1
SoilOrderSoilorder1235,L2,1,-7.20458991,0.288277487,-19.16673302,6.527775697,Soilorder123,202,UNSIG,Vertisols,Vertisols,1
SoilOrderSoilorder1125,L2,1,-4.78192892,0.58388218,-20.09589263,13.46702139,Soilorder112,157,UNSIG,Andisols,Andisols,1
SoilOrderSoilorder1145,L2,1,-4.745637721,0.174080949,-11.19507332,2.172186531,Soilorder114,820,UNSIG,Entisols,Entisols,1
SoilOrderSoilorder1115,L2,1,-3.13571444,0.280523351,-8.581545715,2.634527027,Soilorder111,1156,UNSIG,Alfisols,Alfisols,1
SoilOrderSoilorder1195,L2,1,-2.587776013,0.598097978,-11.63569398,7.386588649,Soilorder119,407,UNSIG,Oxisols,Oxisols,1
SoilOrderSoilorder1225,L2,1,-1.867287306,0.607870499,-8.684452252,5.458813293,Soilorder122,761,UNSIG,Ultisols,Ultisols,1
SoilOrderSoilorder1175,L2,1,-1.42042557,0.663721717,-7.577259393,5.146551929,Soilorder117,1024,UNSIG,Inceptisols,Inceptisols,1
SoilOrderSoilorder1185,L2,1,-0.976115302,0.804733837,-8.384907779,7.031816516,Soilorder118,609,UNSIG,Mollisols,Mollisols,1
SoilOrderSoilorder1155,L2,1,3.042449794,0.763561659,-15.23689309,25.26377155,Soilorder115,127,UNSIG,Gelisols,Gelisols,1
SoilOrderSoilorder1166,L2,2,-48.06667633,0.000575461,-64.23508153,-24.58894855,Soilorder116,43,SIG1,Histosols,Histosols,1
SoilOrderSoilorder1176,L2,2,-12.16691402,0.001526311,-18.937726,-4.830562836,Soilorder117,854,SIG1,Inceptisols,Inceptisols,1
SoilOrderSoilorder1216,L2,2,-12.07698027,0.132197361,-25.64140858,3.961859019,Soilorder121,209,UNSIG,Spodosols,Spodosols,1
SoilOrderSoilorder1196,L2,2,-11.5076045,0.060435883,-22.10979421,0.537724638,Soilorder119,306,UNSIG,Oxisols,Oxisols,1
SoilOrderSoilorder1126,L2,2,-10.61597566,0.296660139,-27.60241476,10.35594325,Soilorder112,141,UNSIG,Andisols,Andisols,1
SoilOrderSoilorder1136,L2,2,-10.37678089,0.049293473,-19.64956551,-0.033877159,Soilorder113,425,SIG1,Aridisols,Aridisols,1
SoilOrderSoilorder1226,L2,2,-10.14652066,0.023349388,-18.08286593,-1.441281589,Soilorder122,607,SIG1,Ultisols,Ultisols,1
SoilOrderSoilorder1186,L2,2,-10.13500346,0.028997939,-18.35444004,-1.088098264,Soilorder118,518,SIG1,Mollisols,Mollisols,1
SoilOrderSoilorder1146,L2,2,-9.869761673,0.017603798,-17.28020833,-1.795450678,Soilorder114,705,SIG1,Entisols,Entisols,1
SoilOrderSoilorder1116,L2,2,-5.940900977,0.094047415,-12.44808467,1.049920785,Soilorder111,971,UNSIG,Alfisols,Alfisols,1
SoilOrderSoilorder1236,L2,2,-3.016115485,0.7228694,-18.11765768,14.87060079,Soilorder123,176,UNSIG,Vertisols,Vertisols,1
SoilOrderSoilorder1156,L2,2,18.41157473,0.149151647,-5.881736776,48.97534815,Soilorder115,121,UNSIG,Gelisols,Gelisols,1
SoilOrderSoilorder1217,L2,3,-25.23100522,0.002590444,-38.11784809,-9.660501329,Soilorder121,170,SIG1,Spodosols,Spodosols,1
SoilOrderSoilorder1127,L2,3,-18.22736206,0.083403674,-34.88637728,2.693784125,Soilorder112,121,UNSIG,Andisols,Andisols,1
SoilOrderSoilorder1137,L2,3,-16.38063188,0.002905356,-25.66966583,-5.930750852,Soilorder113,372,SIG1,Aridisols,Aridisols,1
SoilOrderSoilorder1227,L2,3,-13.9317071,0.003796557,-22.24565694,-4.728781037,Soilorder122,513,SIG1,Ultisols,Ultisols,1
SoilOrderSoilorder1177,L2,3,-13.86547165,0.000605883,-20.9093311,-6.194282119,Soilorder117,774,SIG1,Inceptisols,Inceptisols,1
SoilOrderSoilorder1187,L2,3,-11.33681346,0.020990907,-19.9484793,-1.79873438,Soilorder118,471,SIG1,Mollisols,Mollisols,1
SoilOrderSoilorder1197,L2,3,-9.983662171,0.156819133,-22.18051984,4.124841999,Soilorder119,244,UNSIG,Oxisols,Oxisols,1
SoilOrderSoilorder1167,L2,3,-9.473454149,0.671708279,-42.86815648,43.44111794,Soilorder116,30,UNSIG,Histosols,Histosols,1
SoilOrderSoilorder1147,L2,3,-7.268221591,0.11131044,-15.49332884,1.757442443,Soilorder114,616,UNSIG,Entisols,Entisols,1
SoilOrderSoilorder1117,L2,3,-7.105544806,0.058067797,-13.92332908,0.25224853,Soilorder111,878,UNSIG,Alfisols,Alfisols,1
SoilOrderSoilorder1237,L2,3,-4.17053484,0.661285705,-20.79780316,15.94736964,Soilorder123,135,UNSIG,Vertisols,Vertisols,1
SoilOrderSoilorder1157,L2,3,17.45336468,0.181808097,-7.250974245,48.73787366,Soilorder115,112,UNSIG,Gelisols,Gelisols,1
SoilOrderSoilorder1168,L2,4,-69.44992568,0.001813495,-85.49839142,-35.64113692,Soilorder116,11,SIG1,Histosols,Histosols,1
SoilOrderSoilorder1218,L2,4,-26.50649903,0.004722133,-40.6437238,-9.002130337,Soilorder121,137,SIG1,Spodosols,Spodosols,1
SoilOrderSoilorder1228,L2,4,-17.38625561,0.000756224,-26.07576584,-7.675326769,Soilorder122,431,SIG1,Ultisols,Ultisols,1
SoilOrderSoilorder1178,L2,4,-17.35790756,3.58E-05,-24.50196648,-9.537836613,Soilorder117,694,SIG1,Inceptisols,Inceptisols,1
SoilOrderSoilorder1238,L2,4,-16.13755304,0.092302222,-31.67544504,2.933857587,Soilorder123,121,UNSIG,Vertisols,Vertisols,1
SoilOrderSoilorder1198,L2,4,-15.66849937,0.037986311,-28.20688598,-0.940332564,Soilorder119,208,SIG1,Oxisols,Oxisols,1
SoilOrderSoilorder1188,L2,4,-15.33643548,0.002593427,-24.02847758,-5.649920809,Soilorder118,426,SIG1,Mollisols,Mollisols,1
SoilOrderSoilorder1148,L2,4,-13.56870698,0.004096806,-21.7594437,-4.520509989,Soilorder114,541,SIG1,Entisols,Entisols,1
SoilOrderSoilorder1118,L2,4,-12.31423772,0.001822208,-19.26684365,-4.762884856,Soilorder111,760,SIG1,Alfisols,Alfisols,1
SoilOrderSoilorder1138,L2,4,-10.97439474,0.065188653,-21.32189245,0.733973391,Soilorder113,339,UNSIG,Aridisols,Aridisols,1
SoilOrderSoilorder1128,L2,4,-5.722515209,0.621239086,-25.37399066,19.10383815,Soilorder112,118,UNSIG,Andisols,Andisols,1
SoilOrderSoilorder1158,L2,4,15.68024403,0.265705286,-10.49194225,49.50518641,Soilorder115,99,UNSIG,Gelisols,Gelisols,1
SoilOrderSoilorder1169,L2,5,-44.94910975,0.155180448,-75.82744919,25.37363316,Soilorder116,9,UNSIG,Histosols,Histosols,1
SoilOrderSoilorder1199,L2,5,-24.02501179,0.003193853,-36.70828934,-8.80008183,Soilorder119,160,SIG1,Oxisols,Oxisols,1
SoilOrderSoilorder1239,L2,5,-19.1435315,0.052449714,-34.76927978,0.225299928,Soilorder123,112,UNSIG,Vertisols,Vertisols,1
SoilOrderSoilorder1179,L2,5,-18.65230272,1.35E-05,-25.87506182,-10.72575553,Soilorder117,662,SIG1,Inceptisols,Inceptisols,1
SoilOrderSoilorder1139,L2,5,-18.43082603,0.001897571,-28.27122462,-7.240433055,Soilorder113,316,SIG1,Aridisols,Aridisols,1
SoilOrderSoilorder1189,L2,5,-15.67390468,0.00289473,-24.62184366,-5.663779831,Soilorder118,396,SIG1,Mollisols,Mollisols,1
SoilOrderSoilorder1229,L2,5,-15.52142738,0.004372785,-24.77389333,-5.130950578,Soilorder122,399,SIG1,Ultisols,Ultisols,1
SoilOrderSoilorder1149,L2,5,-13.98712469,0.004683467,-22.51586142,-4.519623566,Soilorder114,502,SIG1,Entisols,Entisols,1
SoilOrderSoilorder1119,L2,5,-13.31676555,0.001197686,-20.4969536,-5.48811053,Soilorder111,696,SIG1,Alfisols,Alfisols,1
SoilOrderSoilorder1129,L2,5,-12.23033956,0.350166285,-33.24423837,15.39847804,Soilorder112,88,UNSIG,Andisols,Andisols,1
SoilOrderSoilorder1159,L2,5,15.65347854,0.292408566,-11.77654819,51.61192204,Soilorder115,88,UNSIG,Gelisols,Gelisols,1
SoilOrderSoilorder1219,L2,5,19.92804947,0.13816292,-5.682128545,52.49217172,Soilorder121,103,UNSIG,Spodosols,Spodosols,1
SoilOrderSoilorder11310,L3,1,-15.18739943,0.041084216,-27.58681574,-0.664812784,Soilorder113,264,SIG1,Aridisols,Aridisols,1
SoilOrderSoilorder11210,L3,1,-11.65083067,0.469054848,-36.82154617,23.548065,Soilorder112,68,UNSIG,Andisols,Andisols,1
SoilOrderSoilorder11910,L3,1,-8.139357799,0.297662237,-21.70367259,7.77488376,Soilorder119,252,UNSIG,Oxisols,Oxisols,1
SoilOrderSoilorder12110,L3,1,-8.111616799,0.478409022,-27.2758767,16.10280859,Soilorder121,125,UNSIG,Spodosols,Spodosols,1
SoilOrderSoilorder11410,L3,1,-6.036748915,0.338162675,-17.27787817,6.731940133,Soilorder114,404,UNSIG,Entisols,Entisols,1
SoilOrderSoilorder11110,L3,1,-2.543757894,0.605121976,-11.6125232,7.455484295,Soilorder111,675,UNSIG,Alfisols,Alfisols,1
SoilOrderSoilorder12210,L3,1,-1.048797395,0.868780308,-12.68306525,12.13564155,Soilorder122,414,UNSIG,Ultisols,Ultisols,1
SoilOrderSoilorder12310,L3,1,1.303746206,0.921222879,-21.63287883,30.95350247,Soilorder123,99,UNSIG,Vertisols,Vertisols,1
SoilOrderSoilorder11810,L3,1,4.327410308,0.516649259,-8.210198714,18.57753682,Soilorder118,381,UNSIG,Mollisols,Mollisols,1
SoilOrderSoilorder11710,L3,1,5.458351482,0.376446197,-6.258110808,18.63921234,Soilorder117,477,UNSIG,Inceptisols,Inceptisols,1
SoilOrderSoilorder11610,L3,1,38.56669535,0.235896324,-19.19861927,137.6287247,Soilorder116,23,UNSIG,Histosols,Histosols,1
SoilOrderSoilorder11510,L3,1,67.07184381,0.064813826,-3.103487847,188.0702347,Soilorder115,23,UNSIG,Gelisols,Gelisols,1
SoilOrderSoilorder11611,L3,2,-52.63975843,0.085326719,-79.78523844,10.95814685,Soilorder116,11,UNSIG,Histosols,Histosols,1
SoilOrderSoilorder12111,L3,2,-22.03011094,0.147866521,-44.33878007,9.219733394,Soilorder121,74,UNSIG,Spodosols,Spodosols,1
SoilOrderSoilorder11911,L3,2,-19.08096937,0.051037931,-34.58362341,0.09557026,Soilorder119,173,UNSIG,Oxisols,Oxisols,1
SoilOrderSoilorder11311,L3,2,-11.10953908,0.229679821,-26.64960439,7.722855162,Soilorder113,216,UNSIG,Aridisols,Aridisols,1
SoilOrderSoilorder11811,L3,2,-9.831214165,0.19444844,-22.8799758,5.425406994,Soilorder118,312,UNSIG,Mollisols,Mollisols,1
SoilOrderSoilorder11411,L3,2,-6.742332831,0.386174411,-20.36223449,9.206887337,Soilorder114,322,UNSIG,Entisols,Entisols,1
SoilOrderSoilorder11111,L3,2,-4.710270814,0.424249145,-15.34545289,7.26101312,Soilorder111,561,UNSIG,Alfisols,Alfisols,1
SoilOrderSoilorder11211,L3,2,-2.29510415,0.909560333,-34.54691485,45.8486892,Soilorder112,61,UNSIG,Andisols,Andisols,1
SoilOrderSoilorder12211,L3,2,-1.407031353,0.862842628,-16.04882125,15.78840955,Soilorder122,308,UNSIG,Ultisols,Ultisols,1
SoilOrderSoilorder11711,L3,2,1.501701411,0.840203986,-12.18886993,17.32676007,Soilorder117,383,UNSIG,Inceptisols,Inceptisols,1
SoilOrderSoilorder11511,L3,2,5.048601489,0.879930245,-44.55623399,99.03425523,Soilorder115,20,UNSIG,Gelisols,Gelisols,1
SoilOrderSoilorder12311,L3,2,10.62022036,0.534553726,-19.55443518,52.1132107,Soilorder123,78,UNSIG,Vertisols,Vertisols,1
SoilOrderSoilorder11912,L3,3,-19.9531745,0.085009534,-37.86268808,3.118304845,Soilorder119,127,UNSIG,Oxisols,Oxisols,1
SoilOrderSoilorder11312,L3,3,-13.00499199,0.18454161,-29.18562238,6.872808501,Soilorder113,194,UNSIG,Aridisols,Aridisols,1
SoilOrderSoilorder11812,L3,3,-11.08211911,0.16273362,-24.60070606,4.860259666,Soilorder118,292,UNSIG,Mollisols,Mollisols,1
SoilOrderSoilorder12112,L3,3,-9.162977535,0.62850366,-38.4553975,34.07129651,Soilorder121,57,UNSIG,Spodosols,Spodosols,1
SoilOrderSoilorder11712,L3,3,-8.242467641,0.283508717,-21.59050738,7.377875606,Soilorder117,336,UNSIG,Inceptisols,Inceptisols,1
SoilOrderSoilorder11112,L3,3,-7.814611021,0.220107688,-19.05691784,4.989156755,Soilorder111,476,UNSIG,Alfisols,Alfisols,1
SoilOrderSoilorder11212,L3,3,-4.141732312,0.84919319,-38.01664335,48.24636775,Soilorder112,48,UNSIG,Andisols,Andisols,1
SoilOrderSoilorder12212,L3,3,-3.912964165,0.666525218,-19.86559863,15.21541683,Soilorder122,247,UNSIG,Ultisols,Ultisols,1
SoilOrderSoilorder11412,L3,3,-2.166666305,0.805247386,-17.80126575,16.44171008,Soilorder114,272,UNSIG,Entisols,Entisols,1
SoilOrderSoilorder12312,L3,3,16.66688096,0.349249157,-15.51730464,61.11182361,Soilorder123,78,UNSIG,Vertisols,Vertisols,1
SoilOrderSoilorder11512,L3,3,31.26622405,0.477207338,-38.00482675,177.9381148,Soilorder115,15,UNSIG,Gelisols,Gelisols,1
SoilOrderSoilorder11612,L3,3,64.21270192,0.28805387,-34.23197939,310.0140345,Soilorder116,10,UNSIG,Histosols,Histosols,1
SoilOrderSoilorder11613,L3,4,-43.19181209,0.345272,-82.44492823,83.83121738,Soilorder116,6,UNSIG,Histosols,Histosols,1
SoilOrderSoilorder11513,L3,4,-28.3667846,0.383364298,-66.16598951,51.66152263,Soilorder115,15,UNSIG,Gelisols,Gelisols,1
SoilOrderSoilorder11913,L3,4,-19.11031482,0.147369265,-39.28490235,7.767942775,Soilorder119,99,UNSIG,Oxisols,Oxisols,1
SoilOrderSoilorder11413,L3,4,-17.99226716,0.043349051,-32.34753655,-0.590933395,Soilorder114,212,SIG1,Entisols,Entisols,1
SoilOrderSoilorder11813,L3,4,-12.96493669,0.117470893,-26.85376058,3.561062132,Soilorder118,254,UNSIG,Mollisols,Mollisols,1
SoilOrderSoilorder12213,L3,4,-3.881599507,0.697659503,-21.28413621,17.36829742,Soilorder122,197,UNSIG,Ultisols,Ultisols,1
SoilOrderSoilorder11113,L3,4,-3.769084615,0.583833575,-16.12827207,10.41133054,Soilorder111,415,UNSIG,Alfisols,Alfisols,1
SoilOrderSoilorder11713,L3,4,-2.50232681,0.769972243,-17.73307043,15.54820785,Soilorder117,283,UNSIG,Inceptisols,Inceptisols,1
SoilOrderSoilorder11213,L3,4,2.66791187,0.914697565,-36.58305606,66.21267871,Soilorder112,40,UNSIG,Andisols,Andisols,1
SoilOrderSoilorder11313,L3,4,3.787488331,0.729807005,-15.95229226,28.16343269,Soilorder113,176,UNSIG,Aridisols,Aridisols,1
SoilOrderSoilorder12113,L3,4,6.957948267,0.748607649,-29.11538229,61.38907238,Soilorder121,52,UNSIG,Spodosols,Spodosols,1
SoilOrderSoilorder12313,L3,4,9.439842107,0.623501645,-23.65830818,56.8877864,Soilorder123,60,UNSIG,Vertisols,Vertisols,1
SoilOrderSoilorder11614,L3,5,-86.95702286,0.002797017,-96.56958308,-50.40857806,Soilorder116,5,SIG1,Histosols,Histosols,1
SoilOrderSoilorder11914,L3,5,-24.38710724,0.103460609,-45.99132591,5.859098525,Soilorder119,75,UNSIG,Oxisols,Oxisols,1
SoilOrderSoilorder11214,L3,5,-19.50739671,0.440924379,-53.64852027,39.78106462,Soilorder112,34,UNSIG,Andisols,Andisols,1
SoilOrderSoilorder11814,L3,5,-13.55703011,0.129635478,-28.40120298,4.364701006,Soilorder118,233,UNSIG,Mollisols,Mollisols,1
SoilOrderSoilorder11414,L3,5,-13.53073041,0.167366976,-29.65467527,6.289005145,Soilorder114,203,UNSIG,Entisols,Entisols,1
SoilOrderSoilorder11114,L3,5,-12.75786955,0.069884129,-24.7276043,1.115279441,Soilorder111,387,UNSIG,Alfisols,Alfisols,1
SoilOrderSoilorder11314,L3,5,-6.059293559,0.595914294,-25.43758028,18.35528353,Soilorder113,161,UNSIG,Aridisols,Aridisols,1
SoilOrderSoilorder11714,L3,5,-1.843365512,0.837527311,-17.83502113,17.26072381,Soilorder117,272,UNSIG,Inceptisols,Inceptisols,1
SoilOrderSoilorder12214,L3,5,4.568683773,0.689895379,-16.03536997,30.22875968,Soilorder122,178,UNSIG,Ultisols,Ultisols,1
SoilOrderSoilorder12114,L3,5,19.77665837,0.450731129,-25.06185476,91.44386142,Soilorder121,42,UNSIG,Spodosols,Spodosols,1
SoilOrderSoilorder12314,L3,5,29.28388253,0.223302094,-14.48925804,95.46459193,Soilorder123,49,UNSIG,Vertisols,Vertisols,1
SoilOrderSoilorder11514,L3,5,141.1885229,0.063123988,-4.701572287,510.4182933,Soilorder115,10,UNSIG,Gelisols,Gelisols,1
,L1,1,-7.176824915,,-8.83248475,-5.491097248,,,SIG1,Overall effect,Overall effect,2
,L1,2,-13.38966004,,-15.27513353,-11.46222707,,,SIG1,Overall effect,Overall effect,2
,L1,3,-17.52333672,,-19.55271074,-15.44276944,,,SIG1,Overall effect,Overall effect,2
,L1,4,-22.72979891,,-24.824239,-20.5770065,,,SIG1,Overall effect,Overall effect,2
,L1,5,-26.35924353,,-28.4942193,-24.16052296,,,SIG1,Overall effect,Overall effect,2
,L2,1,-3.954241049,,-6.385608706,-1.45972553,,,SIG1,Overall effect,Overall effect,2
,L2,2,-9.433662378,,-12.28843616,-6.48597344,,,SIG1,Overall effect,Overall effect,2
,L2,3,-10.93013264,,-13.96038285,-7.793159314,,,SIG1,Overall effect,Overall effect,2
,L2,4,-14.51376273,,-17.63948655,-11.26941229,,,SIG1,Overall effect,Overall effect,2
,L2,5,-14.92808388,,-18.19484724,-11.53086733,,,SIG1,Overall effect,Overall effect,2
,L3,1,-2.075511559,,-6.39275055,2.440841845,,,UNSIG,Overall effect,Overall effect,2
,L3,2,-6.250614486,,-11.37023448,-0.835264177,,,SIG1,Overall effect,Overall effect,2
,L3,3,-7.174976387,,-12.71673429,-1.281363175,,,SIG1,Overall effect,Overall effect,2
,L3,4,-6.534606152,,-12.51866358,-0.14121635,,,SIG1,Overall effect,Overall effect,2
,L3,5,-7.762957445,,-14.18659013,-0.858478503,,,SIG1,Overall effect,Overall effect,2
